Message ID,Date,Author,Subject,Type,Category,Start,Stop,Run_no,ConfigID,Device,Data_Quality,RegName,RegVal,Run_Number,Energy,FrontEnd,Bias,NTC
578,Sun  13 Apr 2025 13:33:59 +0000,Alice Gabrielli,PSUB 15V 45C AIDA,Run,Beam,13.04.2025 15:26:10,13.04.2025 15:33:58,2187,12.0,W2R17,unknown,,,2187.0,4.2,DCC,15.0,46.1
577,Sun  13 Apr 2025 13:19:05 +0000,Alice Gabrielli,PSUB 15V 45C AIDA,Run,Beam,13.04.2025 15:11:41,13.04.2025 15:19:03,2185,12.0,W2R17,unknown,,,2185.0,4.2,DCC,15.0,46.1
575,Sun  13 Apr 2025 12:42:20 +0000,Alice Gabrielli,PSUB 15V 40C AIDA,Run,Beam,13.04.2025 14:34:54,13.04.2025 14:42:18,2182,12.0,W2R17,unknown,,,2182.0,4.2,DCC,15.0,40.1
573,Sun  13 Apr 2025 11:51:14 +0000,Alice Gabrielli,PSUB 2V 29C AIDA,Run,Beam,13.04.2025 13:43:59,13.04.2025 13:51:12,2176,12.0,W2R17,unknown,,,2176.0,4.2,DCC,2.0,29.7
572,Sun  13 Apr 2025 11:40:26 +0000,Alice Gabrielli,PSUB 3V 29C AIDA,Run,Beam,13.04.2025 13:33:08,13.04.2025 13:40:25,2174,12.0,W2R17,unknown,,,2174.0,4.2,DCC,3.0,29.7
571,Sun  13 Apr 2025 11:28:51 +0000,Alice Gabrielli,PSUB 4V 29C AIDA,Run,Beam,13.04.2025 13:21:30,13.04.2025 13:28:49,2172,12.0,W2R17,unknown,,,2172.0,4.2,DCCColumns,4.0,29.7
570,Sun  13 Apr 2025 11:16:41 +0000,Maximilian Babeluk,PSUB 4V 29C AIDA,Run,Beam,13.04.2025 13:15:47,13.04.2025 13:16:39,2170,12.0,W2R17,bad,,,2170.0,4.2,DCC,4.0,29.7
568,Sat  12 Apr 2025 23:27:15 +0000,Maximilian Babeluk,PSUB 15V 34C AIDA,Run,Beam,13.04.2025 01:19:55,13.04.2025 01:27:14,2167,12.0,W2R17,unknown,,,2167.0,4.2,DCC,15.0,34.6
567,Sat  12 Apr 2025 23:18:43 +0000,Maximilian Babeluk,PSUB 15V 34C AIDA,Run,Beam,13.04.2025 01:11:07,13.04.2025 01:18:41,2166,12.0,W2R17,unknown,,,2166.0,4.2,DCC,15.0,34.6
565,Sat  12 Apr 2025 22:52:08 +0000,Alice Gabrielli,PSUB 15V 34C AIDA,Run,Beam,13.04.2025 00:44:48,13.04.2025 00:52:07,2162,12.0,W2R17,unknown,,,2162.0,4.2,DCC,15.0,34.6
564,Sat  12 Apr 2025 22:42:06 +0000,Alice Gabrielli,PSUB 15V 34C AIDA,Run,Beam,13.04.2025 00:34:41,13.04.2025 00:42:05,2161,12.0,W2R17,unknown,,,2161.0,4.2,DCC,15.0,34.6
563,Sat  12 Apr 2025 22:33:10 +0000,Alice Gabrielli,PSUB 15V 34C AIDA,Run,Beam,13.04.2025 00:32:47,13.04.2025 00:33:09,2160,12.0,W2R17,bad,,,2160.0,4.2,DCCColumns,15.0,34.6
562,Sat  12 Apr 2025 22:32:05 +0000,Alice Gabrielli,PSUB 15V 34C AIDA,Run,Beam,13.04.2025 00:24:47,13.04.2025 00:32:04,2159,12.0,W2R17,unknown,,,2159.0,4.2,DCC,15.0,34.6
561,Sat  12 Apr 2025 22:01:36 +0000,Alice Gabrielli,PSUB 15V 10C AIDA,Run,Beam,12.04.2025 23:53:39,13.04.2025 00:01:35,2157,12.0,W2R17,unknown,,,2157.0,4.2,DCC,15.0,10.4
560,Sat  12 Apr 2025 21:52:56 +0000,Alice Gabrielli,PSUB 15V 10C AIDA,Run,Beam,12.04.2025 23:45:29,12.04.2025 23:52:55,2156,12.0,W2R17,unknown,,,2156.0,4.2,DCC,15.0,10.4
559,Sat  12 Apr 2025 21:43:53 +0000,Alice Gabrielli,PSUB 15V 10C AIDA,Run,Beam,12.04.2025 23:43:18,12.04.2025 23:43:52,2155,12.0,W2R17,bad,,,2155.0,4.2,DCCColumns,15.0,3.0
558,Sat  12 Apr 2025 21:27:41 +0000,Alice Gabrielli,PSUB 15V 15C AIDA,Run,Beam,12.04.2025 23:20:20,12.04.2025 23:27:40,2154,12.0,W2R17,unknown,,,2154.0,4.2,DCC,15.0,3.0
557,Sat  12 Apr 2025 21:19:42 +0000,Maximilian Babeluk,PSUB 15V 15C AIDA,Run,Beam,12.04.2025 23:12:21,12.04.2025 23:19:40,2153,12.0,W2R17,unknown,,,2153.0,4.2,DCC,15.0,3.0
556,Sat  12 Apr 2025 20:57:38 +0000,Maximilian Babeluk,PSUB 15V 20C AIDA,Run,Beam,12.04.2025 22:50:13,12.04.2025 22:57:36,2152,12.0,W2R17,unknown,,,2152.0,4.2,DCC,15.0,20.3
555,Sat  12 Apr 2025 17:12:19 +0000,Maximilian Babeluk,PSUB 15V 25C AIDA,Run,Beam,12.04.2025 19:04:35,12.04.2025 19:12:18,2151,12.0,W2R17,unknown,,,2151.0,4.2,DCC,15.0,9.0
553,Sat  12 Apr 2025 16:47:09 +0000,Maximilian Babeluk,PSUB 14V 30C AIDA,Run,Beam,12.04.2025 18:39:37,12.04.2025 18:47:08,2149,12.0,W2R17,unknown,,,2149.0,4.2,DCC,14.0,31.0
552,Sat  12 Apr 2025 16:15:02 +0000,Maximilian Babeluk,PSUB 13V 30C AIDA,Run,Beam,12.04.2025 18:07:16,12.04.2025 18:15:00,2147,12.0,W2R17,unknown,,,2147.0,4.2,DCC,13.0,31.0
551,Sat  12 Apr 2025 15:55:29 +0000,Maximilian Babeluk,PSUB 12V 30C AIDA,Run,Beam,12.04.2025 17:46:45,12.04.2025 17:55:27,2145,12.0,W2R17,unknown,,,2145.0,4.2,DCCColumns,12.0,31.0
549,Sat  12 Apr 2025 15:02:52 +0000,Alice Gabrielli,PSUB 11V 29C AIDA,Run,Beam,12.04.2025 16:54:04,12.04.2025 17:02:51,2140,12.0,W2R17,unknown,,,2140.0,4.2,DCCColumns,11.0,31.0
548,Sat  12 Apr 2025 14:51:41 +0000,Alice Gabrielli,PSUB 10V 29C AIDA,Run,Beam,12.04.2025 16:43:01,12.04.2025 16:51:40,2139,12.0,W2R17,unknown,,,2139.0,4.2,DCCColumns,10.0,31.0
547,Sat  12 Apr 2025 14:36:30 +0000,Alice Gabrielli,PSUB 9V 29C AIDA,Run,Beam,12.04.2025 16:27:59,12.04.2025 16:36:29,2137,12.0,W2R17,unknown,,,2137.0,4.2,DCCColumns,8.0,31.0
546,Sat  12 Apr 2025 14:26:15 +0000,Rasmus Partzsch,PSUB 8V 29C AIDA,Run,Beam,12.04.2025 16:18:11,12.04.2025 16:26:13,2136,12.0,W2R17,unknown,,,2136.0,4.2,DCCColumns,8.0,31.0
545,Sat  12 Apr 2025 14:16:07 +0000,Rasmus Partzsch,PSUB 8V 29C AIDA,Run,Beam,12.04.2025 16:08:21,12.04.2025 16:16:06,2135,12.0,W2R17,unknown,,,2135.0,4.2,DCC,8.0,31.0
544,Sat  12 Apr 2025 13:30:38 +0000,Rasmus Partzsch,PSUB 7V 29C AIDA,Run,Beam,12.04.2025 15:18:26,12.04.2025 15:30:36,2130,12.0,W2R17,unknown,,,2130.0,4.2,DCCColumns,7.0,31.0
541,Sat  12 Apr 2025 11:58:20 +0000,Rasmus Partzsch,PSUB 6V 29C AIDA,Run,Beam,12.04.2025 13:39:31,12.04.2025 13:58:19,2121,12.0,W2R17,unknown,,,2121.0,4.2,DCCColumns,6.0,31.0
540,Sat  12 Apr 2025 11:29:51 +0000,Rasmus Partzsch,PSUB 15V 29C AIDA,Run,Beam,12.04.2025 13:29:29,12.04.2025 13:29:49,2119,12.0,W2R17,bad,,,2119.0,4.2,DCC,15.0,31.0
539,Sat  12 Apr 2025 11:28:11 +0000,Rasmus Partzsch,PSUB 15V 29C AIDA,Run,Beam,12.04.2025 13:28:03,12.04.2025 13:28:09,2118,12.0,W2R17,bad,,,2118.0,4.2,DCC,15.0,31.0
538,Sat  12 Apr 2025 11:27:04 +0000,Rasmus Partzsch,PSUB 15V 29C AIDA,Run,Beam,12.04.2025 13:26:41,12.04.2025 13:27:02,2117,12.0,W2R17,bad,,,2117.0,4.2,DCC,15.0,31.0
537,Sat  12 Apr 2025 11:24:36 +0000,Rasmus Partzsch,PSUB 15V 29C AIDA,Run,Beam,12.04.2025 13:07:39,12.04.2025 13:24:34,2116,12.0,W2R17,unknown,,,2116.0,4.2,DCCColumns,15.0,31.0
535,Sat  12 Apr 2025 11:03:58 +0000,Rasmus Partzsch,PSUB 15V 29C AIDA,Run,Beam,12.04.2025 13:03:26,12.04.2025 13:03:57,2113,12.0,W2R17,bad,,,2113.0,4.2,DCC,15.0,31.0
534,Sat  12 Apr 2025 11:00:26 +0000,Rasmus Partzsch,PSUB 15V 29C AIDA,Run,Beam,12.04.2025 12:43:34,12.04.2025 13:00:24,2112,12.0,W2R17,unknown,,,2112.0,4.2,DCCColumns,15.0,31.0
529,Sat  12 Apr 2025 09:49:08 +0000,Rasmus Partzsch,PSUB 15V 29C AIDA,Run,Beam,12.04.2025 11:47:46,12.04.2025 11:49:06,2101,12.0,W2R17,bad,,,2101.0,4.2,DCCColumns,15.0,31.0
528,Sat  12 Apr 2025 09:45:23 +0000,Maximilian Babeluk,PSUB 15V 29C AIDA,Run,Beam,12.04.2025 11:26:46,12.04.2025 11:45:22,2100,12.0,W2R17,unknown,,,2100.0,4.2,DCCColumns,15.0,31.0
527,Sat  12 Apr 2025 09:20:20 +0000,Maximilian Babeluk,PSUB 15V 29C AIDA,Run,Beam,12.04.2025 11:18:44,12.04.2025 11:20:19,2099,12.0,W2R17,unknown,,,2099.0,4.2,DCCColumns,15.0,31.0
526,Sat  12 Apr 2025 09:16:22 +0000,Maximilian Babeluk,PSUB 15V 29C AIDA,Run,Beam,12.04.2025 11:11:10,12.04.2025 11:16:21,2098,12.0,W2R17,unknown,,,2098.0,4.2,DCCColumns,15.0,31.0
522,Sat  12 Apr 2025 08:30:16 +0000,Rasmus Partzsch,PSUB 20V 35C AIDA,Run,Beam,12.04.2025 10:15:27,12.04.2025 10:30:14,2094,11.0,W8R6,unknown,,,2094.0,4.2,DCCColumns,20.0,35.3
521,Sat  12 Apr 2025 08:12:23 +0000,Rasmus Partzsch,HV 40V 35C AIDA,Run,Beam,12.04.2025 09:52:02,12.04.2025 10:12:21,2093,11.0,W8R6,unknown,,,2093.0,4.2,HVC,40.0,35.3
519,Sat  12 Apr 2025 07:47:29 +0000,Rasmus Partzsch,PSUB 20V 40C AIDA,Run,Beam,12.04.2025 09:46:08,12.04.2025 09:47:27,2090,11.0,W8R6,bad,,,2090.0,4.2,HVCColumns,20.0,7.0
517,Sat  12 Apr 2025 06:58:31 +0000,Alie Gabrielli,HV 40V 30C AIDA,Run,Beam,12.04.2025 08:08:41,12.04.2025 08:58:29,2089,11.0,W8R6,unknown,,,2089.0,4.2,HVCColumns,40.0,7.0
516,Sat  12 Apr 2025 06:01:33 +0000,Alie Gabrielli,Psub 20V 30C AIDA,Run,Beam,12.04.2025 07:46:29,12.04.2025 08:01:31,2088,11.0,W8R6,unknown,,,2088.0,4.2,HVC,20.0,4.0
515,Sat  12 Apr 2025 05:44:21 +0000,Alie Gabrielli,Psub 20V 40C AIDA,Run,Beam,12.04.2025 07:43:31,12.04.2025 07:44:20,2087,11.0,W8R6,bad,,,2087.0,4.2,HVCColumns,20.0,3.0
514,Sat  12 Apr 2025 05:37:26 +0000,Alie Gabrielli,Psub 20V 40C AIDA,Run,Beam,12.04.2025 07:37:20,12.04.2025 07:37:24,2086,11.0,W8R6,bad,,,2086.0,4.2,HVCColumns,20.0,40.7
513,Sat  12 Apr 2025 05:34:39 +0000,Alie Gabrielli,Psub 20V 40C AIDA,Run,Beam,12.04.2025 07:34:29,12.04.2025 07:34:37,2085,11.0,W8R6,bad,,,2085.0,4.2,HVCColumns,20.0,40.7
512,Sat  12 Apr 2025 04:39:11 +0000,Alie Gabrielli,Psub 20V 40C AIDA,Run,Beam,12.04.2025 06:16:16,12.04.2025 06:39:09,2084,11.0,W8R6,unknown,,,2084.0,4.2,HVC,20.0,40.7
511,Sat  12 Apr 2025 04:12:35 +0000,Alie Gabrielli,Psub 20V 40C AIDA,Run,Beam,12.04.2025 06:12:14,12.04.2025 06:12:34,2083,11.0,W8R6,bad,,,2083.0,4.2,HVCColumns,20.0,40.7
510,Sat  12 Apr 2025 04:10:16 +0000,Alie Gabrielli,Psub 20V 40C AIDA,Run,Beam,12.04.2025 05:48:10,12.04.2025 06:10:13,2082,11.0,W8R6,unknown,,,2082.0,4.2,HVC,20.0,40.7
509,Sat  12 Apr 2025 03:46:32 +0000,Alie Gabrielli,Psub 20V 40C AIDA,Run,Beam,12.04.2025 05:24:10,12.04.2025 05:46:30,2081,11.0,W8R6,unknown,,,2081.0,4.2,HVC,20.0,40.7
507,Sat  12 Apr 2025 03:10:22 +0000,Alie Gabrielli,Psub 20V 40C AIDA,Run,Beam,12.04.2025 05:09:42,12.04.2025 05:10:21,2078,11.0,W8R6,bad,,,2078.0,4.2,HVC,20.0,40.7
502,Sat  12 Apr 2025 02:10:37 +0000,Alie Gabrielli,HV 40V 40C AIDA,Run,Beam,12.04.2025 03:36:12,12.04.2025 04:10:36,2072,11.0,W8R6,unknown,,,2072.0,4.2,HVC,40.0,40.8
501,Sat  12 Apr 2025 01:35:03 +0000,Alie Gabrielli,HV 40V 40C AIDA,Run,Beam,12.04.2025 03:02:36,12.04.2025 03:35:01,2071,11.0,W8R6,unknown,,,2071.0,4.2,HVC,40.0,40.8
500,Sat  12 Apr 2025 01:01:32 +0000,Alie Gabrielli,HV 40V 40C AIDA,Run,Beam,12.04.2025 02:27:21,12.04.2025 03:01:30,2070,11.0,W8R6,unknown,,,2070.0,4.2,HVC,40.0,40.8
498,Fri  11 Apr 2025 23:24:24 +0000,Alie Gabrielli,psub 20V 30C AIDA,Run,Beam,12.04.2025 01:20:35,12.04.2025 01:24:23,2068,11.0,W8R6,unknown,,,2068.0,4.2,DCCColumns,20.0,29.3
496,Fri  11 Apr 2025 22:33:54 +0000,Rasmus Partzsch,HV 40V 40C AIDA,Run,Beam,12.04.2025 00:03:09,12.04.2025 00:33:51,2067,10.0,W2R5,unknown,,,2067.0,4.2,HVC,40.0,40.3
494,Fri  11 Apr 2025 22:01:59 +0000,Rasmus Partzsch,HV 40V 40C AIDA,Run,Beam,11.04.2025 23:31:07,12.04.2025 00:01:57,2066,10.0,W2R5,unknown,,,2066.0,4.2,HVC,40.0,40.3
493,Fri  11 Apr 2025 21:11:48 +0000,Rasmus Partzsch,HV 40V 40C AIDA,Run,Beam,11.04.2025 22:42:17,11.04.2025 23:11:46,2065,10.0,W2R5,unknown,,,2065.0,4.2,HVC,40.0,40.2
492,Fri  11 Apr 2025 20:39:47 +0000,Rasmus Partzsch,HV 40V 40C AIDA,Run,Beam,11.04.2025 22:35:50,11.04.2025 22:39:45,2064,10.0,W2R5,unknown,,,2064.0,4.2,HVCColumns,40.0,40.2
491,Fri  11 Apr 2025 20:32:32 +0000,Rasmus Partzsch,HV 40V 40C AIDA,Run,Beam,11.04.2025 22:29:22,11.04.2025 22:32:31,2062,10.0,W2R5,unknown,,,2062.0,4.2,HVCColumns,40.0,40.2
488,Fri  11 Apr 2025 19:27:58 +0000,Rasmus Partzsch,PSUB 6V DCC 29C AIDA,Run,Debug,11.04.2025 21:27:08,11.04.2025 21:27:56,2059,10.0,W2R5,bad,,,2059.0,4.2,DCCColumns,6.0,29.3
487,Fri  11 Apr 2025 19:25:52 +0000,Rasmus Partzsch,PSUB 6V DCC 29C AIDA,Run,Debug,11.04.2025 21:24:14,11.04.2025 21:25:51,2058,10.0,W2R5,bad,,,2058.0,4.2,DCCColumns,6.0,29.3
486,Fri  11 Apr 2025 19:22:52 +0000,Rasmus Partzsch,PSUB 6V DCC 29C AIDA,Run,Beam,11.04.2025 21:22:26,11.04.2025 21:22:50,2057,10.0,W2R5,bad,,,2057.0,4.2,DCC,6.0,29.3
483,Fri  11 Apr 2025 18:47:05 +0000,Rasmus Partzsch,PWELL -5V DCC 29C AIDA,Run,Beam,11.04.2025 20:46:37,11.04.2025 20:47:03,2054,9.0,W8R4,bad,,,2054.0,4.2,DCC,5.0,29.1
482,Fri  11 Apr 2025 18:45:15 +0000,Rasmus Partzsch,PWELL -1V DCC 29C AIDA,Run,Beam,11.04.2025 20:27:19,11.04.2025 20:45:13,2053,9.0,W8R4,unknown,,,2053.0,4.2,DCCColumns,1.0,29.1
481,Fri  11 Apr 2025 18:04:01 +0000,Rasmus Partzsch,PWELL -5V DCC 29C AIDA,Run,Beam,11.04.2025 19:45:06,11.04.2025 20:04:00,2052,9.0,W8R4,unknown,,,2052.0,4.2,DCCColumns,5.0,29.1
479,Fri  11 Apr 2025 17:22:12 +0000,Rasmus Partzsch,PWELL -3V DCC 29C AIDA,Run,Beam,11.04.2025 19:03:32,11.04.2025 19:22:10,2050,9.0,W8R4,unknown,,,2050.0,4.2,DCC,3.0,29.1
478,Fri  11 Apr 2025 17:01:53 +0000,Rasmus Partzsch,PWELL -2V DCC 29C AIDA,Run,Beam,11.04.2025 18:33:43,11.04.2025 19:01:50,2049,9.0,W8R4,unknown,,,2049.0,4.2,DCC,2.0,29.1
464,Fri  11 Apr 2025 15:03:30 +0000,Rasmus Partzsch,PWELL -2V DCC 29C AIDA,Run,Debug,11.04.2025 16:59:17,11.04.2025 17:03:28,2034,9.0,W8R4,bad,,,2034.0,4.2,DCC,2.0,29.1
463,Fri  11 Apr 2025 14:57:12 +0000,Rasmus Partzsch,PWELL -2V DCC 29C AIDA,Run,Beam,11.04.2025 16:47:20,11.04.2025 16:57:11,2033,9.0,W8R4,bad,,,2033.0,4.2,DCC,2.0,29.1
462,Fri  11 Apr 2025 14:43:28 +0000,Rasmus Partzsch,PWELL -3V DCC 29C AIDA,Run,Beam,11.04.2025 16:24:52,11.04.2025 16:43:26,2032,9.0,W8R4,bad,,,2032.0,4.2,DCC,2.0,29.1
460,Fri  11 Apr 2025 14:15:48 +0000,Rasmus Partzsch,PWELL -2V DCC 29C AIDA,Run,Beam,11.04.2025 16:15:31,11.04.2025 16:15:46,2031,9.0,W8R4,bad,,,2031.0,4.2,DCC,2.0,29.1
458,Fri  11 Apr 2025 13:52:32 +0000,Alice Gabrielli,PWELL -2V DCC 29C AIDA,Run,Beam,11.04.2025 15:34:32,11.04.2025 15:52:30,2030,9.0,W8R4,bad,,,2030.0,4.2,DCC,2.0,29.1
456,Fri  11 Apr 2025 13:22:05 +0000,Alice Gabrielli,PWELL -1V DCC 29C AIDA,Run,Beam,11.04.2025 15:04:04,11.04.2025 15:22:03,2028,9.0,W8R4,unknown,,,2028.0,4.2,DCCColumns,1.0,2.0
454,Fri  11 Apr 2025 11:19:17 +0000,Alice Gabrielli,HV 1V 29C AIDA,Run,Beam,11.04.2025 12:49:16,11.04.2025 13:19:15,2026,9.0,W8R4,unknown,,,2026.0,4.2,HVCColumns,5.0,1.0
453,Fri  11 Apr 2025 10:38:39 +0000,Guglielmo Benfratello,HV 5V 29C AIDA,Run,Beam,11.04.2025 12:09:34,11.04.2025 12:38:37,2025,9.0,W8R4,unknown,,,2025.0,4.2,HVC,5.0,1.0
452,Fri  11 Apr 2025 10:06:04 +0000,Guglielmo Benfratello,HV 5 30C AIDA,Run,Beam,11.04.2025 12:05:35,11.04.2025 12:06:03,2024,9.0,W8R4,bad,,,2024.0,4.2,DCC,5.0,8.0
451,Fri  11 Apr 2025 09:43:01 +0000,Guglielmo Benfratello,psub 10 10C AIDA,Run,Beam,11.04.2025 11:24:10,11.04.2025 11:42:59,2023,9.0,W8R4,unknown,,,2023.0,4.2,DCCColumns,10.0,3.0
450,Fri  11 Apr 2025 09:06:40 +0000,Guglielmo Benfratello,psub 10 15C AIDA,Run,Beam,11.04.2025 10:47:13,11.04.2025 11:06:38,2022,9.0,W8R4,unknown,,,2022.0,4.2,DCCColumns,10.0,3.0
449,Fri  11 Apr 2025 08:32:17 +0000,Guglielmo Benfratello,psub 10 20C AIDA,Run,Beam,11.04.2025 10:13:33,11.04.2025 10:32:15,2021,9.0,W8R4,unknown,,,2021.0,4.2,DCCColumns,10.0,7.0
448,Fri  11 Apr 2025 08:01:12 +0000,Guglielmo Benfratello,psub 10 25C AIDA,Run,Beam,11.04.2025 09:41:23,11.04.2025 10:01:10,2020,9.0,W8R4,unknown,,,2020.0,4.2,DCCColumns,10.0,8.0
447,Fri  11 Apr 2025 07:38:10 +0000,Guglielmo Benfratello,psub 10 25C AIDA,Run,Beam,11.04.2025 09:37:55,11.04.2025 09:38:09,2019,9.0,W8R4,bad,,,2019.0,4.2,DCC,10.0,9.0
446,Fri  11 Apr 2025 07:12:23 +0000,Guglielmo Benfratello,psub 10 45C AIDA,Run,Beam,11.04.2025 08:53:35,11.04.2025 09:12:22,2018,9.0,W8R4,unknown,,,2018.0,4.2,DCC,10.0,2.0
445,Fri  11 Apr 2025 06:50:13 +0000,Guglielmo Benfratello,psub 10 45C AIDA,Run,Beam,11.04.2025 08:28:39,11.04.2025 08:50:11,2017,9.0,W8R4,unknown,,,2017.0,4.2,DCC,10.0,2.0
444,Fri  11 Apr 2025 06:27:20 +0000,Guglielmo Benfratello,psub 10 45C AIDA,Run,Beam,11.04.2025 08:08:30,11.04.2025 08:27:17,2016,9.0,W8R4,unknown,,,2016.0,4.2,DCC,10.0,2.0
443,Fri  11 Apr 2025 06:06:47 +0000,Roua Boudagga,psub 10 45C AIDA,Run,Beam,11.04.2025 07:46:22,11.04.2025 08:06:44,2015,9.0,W8R4,unknown,,,2015.0,4.2,DCC,10.0,2.0
442,Fri  11 Apr 2025 05:41:34 +0000,Roua Boudagga,psub 10 45C AIDA,Run,Beam,11.04.2025 07:22:40,11.04.2025 07:41:32,2014,9.0,W8R4,unknown,,,2014.0,4.2,DCCColumns,10.0,2.0
441,Fri  11 Apr 2025 04:54:53 +0000,Roua Boudagga,psub 10 40C AIDA,Run,Beam,11.04.2025 06:35:58,11.04.2025 06:54:52,2013,9.0,W8R4,unknown,,,2013.0,4.2,DCC,10.0,9.0
440,Fri  11 Apr 2025 04:31:14 +0000,Roua Boudagga,psub 10 40C AIDA,Run,Beam,11.04.2025 06:11:58,11.04.2025 06:31:12,2012,9.0,W8R4,unknown,,,2012.0,4.2,DCC,10.0,9.0
439,Fri  11 Apr 2025 04:09:41 +0000,Roua Boudagga,psub 10 40C AIDA,Run,Beam,11.04.2025 05:51:14,11.04.2025 06:09:40,2011,9.0,W8R4,unknown,,,2011.0,4.2,DCC,10.0,86.0
438,Fri  11 Apr 2025 03:05:55 +0000,Roua Boudagga,psub 10 35C AIDA,Run,Beam,11.04.2025 04:47:29,11.04.2025 05:05:53,2010,9.0,W8R4,unknown,,,2010.0,4.2,DCC,10.0,8.0
437,Fri  11 Apr 2025 02:43:09 +0000,Roua Boudagga,psub 10 35C AIDA,Run,Beam,11.04.2025 04:24:41,11.04.2025 04:43:06,2009,9.0,W8R4,unknown,,,2009.0,4.2,DCC,10.0,8.0
436,Fri  11 Apr 2025 02:22:48 +0000,Roua Boudagga,psub 10 35C AIDA,Run,Beam,11.04.2025 04:04:19,11.04.2025 04:22:46,2008,9.0,W8R4,unknown,,,2008.0,4.2,DCC,10.0,8.0
435,Fri  11 Apr 2025 01:29:12 +0000,Roua Boudagga,psub 10 30C AIDA,Run,Beam,11.04.2025 03:11:02,11.04.2025 03:29:09,2007,9.0,W8R4,unknown,,,2007.0,4.2,DCC,10.0,30.0
434,Fri  11 Apr 2025 01:05:09 +0000,Roua Boudagga,psub 10 30C AIDA,Run,Beam,11.04.2025 02:46:51,11.04.2025 03:05:07,2006,9.0,W8R4,unknown,,,2006.0,4.2,DCC,10.0,30.0
433,Fri  11 Apr 2025 00:42:03 +0000,Roua Boudagga,psub 10 30C AIDA,Run,Beam,11.04.2025 02:23:47,11.04.2025 02:42:01,2005,9.0,W8R4,unknown,,,2005.0,4.2,DCCColumns,10.0,30.0
432,Fri  11 Apr 2025 00:20:27 +0000,Roua Boudagga,psub 9 30C AIDA,Run,Beam,11.04.2025 02:03:02,11.04.2025 02:20:25,2004,9.0,W8R4,unknown,,,2004.0,4.2,DCCColumns,9.0,30.0
431,Fri  11 Apr 2025 00:00:56 +0000,Roua Boudagga,psub 8 30C AIDA,Run,Beam,11.04.2025 01:41:24,11.04.2025 02:00:55,2003,9.0,W8R4,unknown,,,2003.0,4.2,DCCColumns,8.0,30.0
430,Thu  10 Apr 2025 23:39:02 +0000,Roua Boudagga,psub 7 30C AIDA,Run,Beam,11.04.2025 01:19:24,11.04.2025 01:38:59,2002,9.0,W8R4,unknown,,,2002.0,4.2,DCCColumns,7.0,30.0
428,Thu  10 Apr 2025 23:16:02 +0000,Roua Boudagga,psub 6 30C AIDA,Run,Beam,11.04.2025 00:47:42,11.04.2025 01:16:00,2001,9.0,W8R4,unknown,,,2001.0,4.2,DCCColumns,6.0,30.0
427,Thu  10 Apr 2025 22:12:19 +0000,Guglielmo Benfratello,35 HVC 10C AIDA,Run,Beam,10.04.2025 23:43:27,11.04.2025 00:12:17,2000,9.0,W8R4,unknown,,,2000.0,4.2,HVCColumns,35.0,6.0
425,Thu  10 Apr 2025 20:39:14 +0000,Guglielmo Benfratello,35 HVC 20C AIDA,Run,Beam,10.04.2025 22:10:49,10.04.2025 22:39:12,1998,9.0,W8R4,unknown,,,1998.0,4.2,HVCColumns,35.0,9.0
424,Thu  10 Apr 2025 19:56:10 +0000,Guglielmo Benfratello,35 HVC 25C AIDA,Run,Beam,10.04.2025 21:25:50,10.04.2025 21:56:08,1997,9.0,W8R4,unknown,,,1997.0,4.2,HVCColumns,35.0,91.0
423,Thu  10 Apr 2025 19:23:34 +0000,Guglielmo Benfratello,35 HVC 25C AIDA,Run,Beam,10.04.2025 21:21:09,10.04.2025 21:23:32,1996,9.0,W8R4,bad,,,1996.0,4.2,HVC,35.0,91.0
422,Thu  10 Apr 2025 18:52:20 +0000,Guglielmo Benfratello,HV 3V 30C AIDA,Run,Beam,10.04.2025 20:23:22,10.04.2025 20:52:18,1995,9.0,W8R4,unknown,,,1995.0,4.2,HVC,3.0,3.0
421,Thu  10 Apr 2025 18:15:10 +0000,Guglielmo Benfratello,psub 6 HVC 30C AIDA,Run,Beam,10.04.2025 19:46:05,10.04.2025 20:15:07,1994,9.0,W8R4,unknown,,,1994.0,4.2,HVCColumns,6.0,3.0
420,Thu  10 Apr 2025 17:41:49 +0000,Guglielmo Benfratello,HV 2 30C AIDA,Run,Beam,10.04.2025 19:13:22,10.04.2025 19:41:47,1993,9.0,W8R4,unknown,,,1993.0,4.2,HVCColumns,2.0,3.0
419,Thu  10 Apr 2025 17:11:29 +0000,Guglielmo Benfratello,HV 3 30C AIDA,Run,Beam,10.04.2025 18:42:55,10.04.2025 19:11:27,1992,9.0,W8R4,bad,,,1992.0,4.2,HVC,3.0,3.0
418,Thu  10 Apr 2025 16:37:45 +0000,Guglielmo Benfratello,HV 4 30C AIDA,Run,Beam,10.04.2025 18:09:22,10.04.2025 18:37:43,1991,9.0,W8R4,unknown,,,1991.0,4.2,HVC,4.0,3.0
417,Thu  10 Apr 2025 15:51:49 +0000,Guglielmo Benfratello,HV 35 45C AIDA,Run,Beam,10.04.2025 17:23:05,10.04.2025 17:51:47,1990,9.0,W8R4,unknown,,,1990.0,4.2,HVCColumns,35.0,9.0
416,Thu  10 Apr 2025 15:20:55 +0000,Guglielmo Benfratello,HV 35 45C AIDA,Run,Beam,10.04.2025 17:20:29,10.04.2025 17:20:53,1989,9.0,W8R4,bad,,,1989.0,4.2,HVC,35.0,45.8
415,Thu  10 Apr 2025 15:19:37 +0000,Guglielmo Benfratello,HV 35 45C AIDA,Run,Beam,10.04.2025 17:18:21,10.04.2025 17:19:36,1988,9.0,W8R4,bad,,,1988.0,4.2,HVC,35.0,9.0
414,Thu  10 Apr 2025 15:04:29 +0000,Guglielmo Benfratello,HV 35 45C AIDA,Run,Beam,10.04.2025 16:35:41,10.04.2025 17:04:26,1987,9.0,W8R4,unknown,,,1987.0,4.2,HVC,35.0,45.8
413,Thu  10 Apr 2025 14:34:04 +0000,Guglielmo Benfratello,HV 35 45C AIDA,Run,Beam,10.04.2025 16:04:29,10.04.2025 16:34:02,1986,9.0,W8R4,unknown,,,1986.0,4.2,HVC,35.0,45.8
412,Thu  10 Apr 2025 13:59:15 +0000,Roua Boudagga,HV 35 45C AIDA,Run,Beam,10.04.2025 15:30:09,10.04.2025 15:59:14,1985,9.0,W8R4,unknown,,,1985.0,4.2,HVC,35.0,45.8
411,Thu  10 Apr 2025 13:25:45 +0000,Guglielmo Benfratello,HV 35 45C AIDA,Run,Beam,10.04.2025 14:56:50,10.04.2025 15:25:43,1984,9.0,W8R4,unknown,,,1984.0,4.2,HVC,35.0,45.8
410,Thu  10 Apr 2025 12:54:22 +0000,Roua Boudagga,HV 35 45C AIDA,Run,Beam,10.04.2025 14:22:57,10.04.2025 14:54:21,1983,9.0,W8R4,unknown,,,1983.0,4.2,HVC,35.0,45.8
409,Thu  10 Apr 2025 12:21:59 +0000,Roua Boudagga,HV 35 45C AIDA,Run,Beam,10.04.2025 13:52:11,10.04.2025 14:21:57,1982,9.0,W8R4,unknown,,,1982.0,4.2,HVC,35.0,45.8
407,Thu  10 Apr 2025 07:04:51 +0000,Roua Boudagga,HV 35 40C AIDA,Run,Beam,10.04.2025 08:35:34,10.04.2025 09:04:50,1980,9.0,W8R4,unknown,,,1980.0,4.2,HVCColumns,35.0,5.0
405,Thu  10 Apr 2025 06:31:34 +0000,Alice Gabrielli,HV 35 40C AIDA,Run,Beam,10.04.2025 08:01:06,10.04.2025 08:31:32,1979,9.0,W8R4,unknown,,,1979.0,4.2,HVCColumns,35.0,5.0
404,Thu  10 Apr 2025 06:00:00 +0000,Alice Gabrielli,HV 35 40C AIDA,Run,Beam,10.04.2025 07:29:10,10.04.2025 07:59:58,1978,9.0,W8R4,unknown,,,1978.0,4.2,HVCColumns,35.0,5.0
403,Thu  10 Apr 2025 05:06:49 +0000,Alice Gabrielli,HV 35 35C AIDA,Run,Beam,10.04.2025 06:36:10,10.04.2025 07:06:47,1977,9.0,W8R4,unknown,,,1977.0,4.2,HVCColumns,35.0,35.1
402,Thu  10 Apr 2025 04:35:00 +0000,Alice Gabrielli,HV 35 35C AIDA,Run,Beam,10.04.2025 06:04:25,10.04.2025 06:34:58,1976,9.0,W8R4,unknown,,,1976.0,4.2,HVCColumns,35.0,35.1
401,Thu  10 Apr 2025 04:03:03 +0000,Alice Gabrielli,HV 35 35C AIDA,Run,Beam,10.04.2025 05:32:23,10.04.2025 06:03:00,1975,9.0,W8R4,unknown,,,1975.0,4.2,HVCColumns,35.0,35.1
400,Thu  10 Apr 2025 03:19:15 +0000,Alice Gabrielli,HV 35 30C AIDA,Run,Beam,10.04.2025 04:49:02,10.04.2025 05:19:12,1974,9.0,W8R4,unknown,,,1974.0,4.2,HVC,35.0,29.8
399,Thu  10 Apr 2025 02:47:42 +0000,Alice Gabrielli,HV 35 30C AIDA,Run,Beam,10.04.2025 04:18:23,10.04.2025 04:47:40,1973,9.0,W8R4,unknown,,,1973.0,4.2,HVCColumns,35.0,29.8
398,Thu  10 Apr 2025 02:13:39 +0000,Alice Gabrielli,HV 6 30C AIDA,Run,Beam,10.04.2025 03:44:18,10.04.2025 04:13:38,1972,9.0,W8R4,unknown,,,1972.0,4.2,HVC,6.0,29.8
397,Thu  10 Apr 2025 01:41:29 +0000,Alice Gabrielli,HV 10 30C AIDA,Run,Beam,10.04.2025 03:12:28,10.04.2025 03:41:27,1971,9.0,W8R4,unknown,,,1971.0,4.2,HVC,10.0,29.8
396,Thu  10 Apr 2025 01:10:51 +0000,Alice Gabrielli,HV 15 30C AIDA,Run,Beam,10.04.2025 02:41:25,10.04.2025 03:10:49,1970,9.0,W8R4,unknown,,,1970.0,4.2,HVC,15.0,29.8
394,Thu  10 Apr 2025 00:39:42 +0000,Alice Gabrielli,HV 20 30C AIDA,Run,Beam,10.04.2025 02:10:19,10.04.2025 02:39:39,1969,9.0,W8R4,unknown,,,1969.0,4.2,HVC,20.0,29.8
393,Thu  10 Apr 2025 00:07:57 +0000,Alice Gabrielli,HV 25 30C AIDA,Run,Beam,10.04.2025 01:38:04,10.04.2025 02:07:55,1968,9.0,W8R4,unknown,,,1968.0,4.2,HVC,25.0,29.8
392,Wed  09 Apr 2025 23:35:27 +0000,Alice Gabrielli,HV 35 30C AIDA,Run,Beam,10.04.2025 01:05:11,10.04.2025 01:35:25,1967,9.0,W8R4,unknown,,,1967.0,4.2,HVC,35.0,29.8
391,Wed  09 Apr 2025 23:02:08 +0000,Alice Gabrielli,HV 30 30C AIDA,Run,Beam,10.04.2025 00:32:07,10.04.2025 01:02:06,1966,9.0,W8R4,unknown,,,1966.0,4.2,HVC,30.0,29.8
390,Wed  09 Apr 2025 22:27:46 +0000,Alice Gabrielli,psub 10 30C AIDA,Run,Beam,10.04.2025 00:06:31,10.04.2025 00:27:44,1965,9.0,W8R4,unknown,,,1965.0,4.2,DCC,10.0,29.7
386,Wed  09 Apr 2025 20:20:36 +0000,Roua Boudagga,HVC 35V 45C AIDA,Run,Beam,09.04.2025 22:05:48,09.04.2025 22:20:34,1961,8.0,W2R5,unknown,,,1961.0,4.2,HVCColumns,35.0,45.0
385,Wed  09 Apr 2025 19:57:03 +0000,Roua Boudagga,HVC 35V 44C AIDA,Run,Beam,09.04.2025 21:41:59,09.04.2025 21:57:02,1960,8.0,W2R5,unknown,,,1960.0,4.2,HVCColumns,35.0,77.0
384,Wed  09 Apr 2025 19:40:23 +0000,Roua Boudagga,HVC 35V 43C AIDA,Run,Debug,09.04.2025 21:36:33,09.04.2025 21:40:22,1959,8.0,W2R5,bad,,,1959.0,4.2,HVC,35.0,3.0
383,Wed  09 Apr 2025 19:33:46 +0000,Roua Boudagga,HVC 40V 43C AIDA,Run,Debug,09.04.2025 21:29:51,09.04.2025 21:33:45,1958,8.0,W2R5,bad,,,1958.0,4.2,HVC,40.0,3.0
382,Wed  09 Apr 2025 19:25:26 +0000,Roua Boudagga,HVC 40V 45C AIDA,Run,Debug,09.04.2025 21:24:30,09.04.2025 21:25:25,1957,8.0,W2R5,bad,,,1957.0,4.2,HVC,40.0,88.0
381,Wed  09 Apr 2025 19:18:54 +0000,Roua Boudagga,HVC 40V 47C AIDA,Run,Debug,09.04.2025 21:15:57,09.04.2025 21:18:53,1956,8.0,W2R5,bad,,,1956.0,4.2,HVC,40.0,8.0
380,Wed  09 Apr 2025 19:14:59 +0000,Roua Boudagga,HVC 40V 47C AIDA,Run,Debug,09.04.2025 21:13:27,09.04.2025 21:14:58,1955,8.0,W2R5,bad,,,1955.0,4.2,HVC,40.0,8.0
379,Wed  09 Apr 2025 19:03:02 +0000,Roua Boudagga,PSUB 20V 47C AIDA,Run,Beam,09.04.2025 20:42:25,09.04.2025 21:03:01,1954,8.0,W2R5,unknown,,,1954.0,4.2,DCC,20.0,8.0
378,Wed  09 Apr 2025 17:30:33 +0000,Roua Boudagga,PSUB 15V 30C AIDA,Run,Beam,09.04.2025 19:10:22,09.04.2025 19:30:32,1953,8.0,W2R5,unknown,,,1953.0,4.2,DCC,15.0,29.54
376,Wed  09 Apr 2025 17:07:17 +0000,Roua Boudagga,PSUB 15V 30C AIDA,Run,Debug,09.04.2025 19:06:58,09.04.2025 19:07:16,1952,8.0,W2R5,bad,,,1952.0,4.2,DCC,15.0,29.54
375,Wed  09 Apr 2025 17:01:14 +0000,WANG SHIJIE,PSUB 12V 30C AIDA,Run,Beam,,,1951,8.0,W2R5,unknown,,,1951.0,4.2,DCC,12.0,29.54
374,Wed  09 Apr 2025 16:31:23 +0000,Roua Boudagga,PSUB 7.5V 30C AIDA,Run,Beam,09.04.2025 18:11:58,09.04.2025 18:31:22,1950,8.0,W2R5,unknown,,,1950.0,4.2,DCCColumns,7.0,29.54
373,Wed  09 Apr 2025 16:09:28 +0000,Roua Boudagga,PSUB 8V 30C AIDA,Run,Beam,09.04.2025 18:08:59,09.04.2025 18:09:27,1949,8.0,W2R5,bad,,,1949.0,4.2,DCC,8.0,29.54
372,Wed  09 Apr 2025 16:05:48 +0000,Roua Boudagga,PSUB 10V 30C AIDA,Run,Beam,09.04.2025 17:46:41,09.04.2025 18:05:47,1948,8.0,W2R5,unknown,,,1948.0,4.2,DCCColumns,10.0,29.54
371,Wed  09 Apr 2025 15:41:17 +0000,Roua Boudagga,PSUB 8V 30C AIDA,Run,Debug,09.04.2025 17:39:43,09.04.2025 17:41:15,1947,8.0,W2R5,bad,,,1947.0,4.2,DCC,8.0,29.54
370,Wed  09 Apr 2025 15:36:45 +0000,Roua Boudagga,PSUB 8V 30C AIDA,Run,Debug,09.04.2025 17:34:28,09.04.2025 17:36:44,1946,8.0,W2R5,bad,,,1946.0,4.2,DCC,8.0,29.54
369,Wed  09 Apr 2025 15:28:41 +0000,Roua Boudagga,PSUB 8V 30C AIDA,Run,Beam,09.04.2025 17:22:01,09.04.2025 17:28:40,1945,8.0,W2R5,bad,,,1945.0,4.2,DCC,8.0,29.54
368,Wed  09 Apr 2025 15:13:43 +0000,Roua Boudagga,PSUB 6V 30C AIDA,Run,Beam,09.04.2025 16:52:57,09.04.2025 17:13:41,1944,8.0,W2R5,unknown,,,1944.0,4.2,DCC,6.0,29.3
367,Wed  09 Apr 2025 14:40:54 +0000,Roua Boudagga,HVC 15V 30C AIDA,Run,Beam,09.04.2025 16:13:09,09.04.2025 16:40:52,1943,8.0,W2R5,unknown,,,1943.0,4.2,HVC,15.0,29.3
366,Wed  09 Apr 2025 14:09:21 +0000,Rasmus Partzsch,HVC 10V 30C AIDA,Run,Beam,09.04.2025 15:38:00,09.04.2025 16:09:19,1942,8.0,W2R5,unknown,,,1942.0,4.2,HVCColumns,6.0,29.3
365,Wed  09 Apr 2025 13:33:27 +0000,Rasmus Partzsch,HVC 6V 30C AIDA,Run,Beam,09.04.2025 14:55:13,09.04.2025 15:33:25,1941,8.0,W2R5,unknown,,,1941.0,4.2,HVC,6.0,30.2
364,Wed  09 Apr 2025 12:31:55 +0000,Rasmus Partzsch,HVC 40V 42C AIDA,Run,Beam,09.04.2025 14:05:34,09.04.2025 14:31:54,1940,8.0,W2R5,unknown,,,1940.0,4.2,HVCColumns,40.0,42.2
363,Wed  09 Apr 2025 12:04:26 +0000,Rasmus Partzsch,HVC 40V 42C AIDA,Run,Beam,09.04.2025 13:38:13,09.04.2025 14:04:24,1939,8.0,W2R5,unknown,,,1939.0,4.2,HVC,40.0,42.2
362,Wed  09 Apr 2025 11:20:41 +0000,Rasmus Partzsch,HVC 40V 36C AIDA,Run,Beam,09.04.2025 13:04:27,09.04.2025 13:20:40,1938,8.0,W2R5,unknown,,,1938.0,4.2,HVC,40.0,36.4
361,Wed  09 Apr 2025 11:02:31 +0000,Rasmus Partzsch,HVC 40V 36C AIDA,Run,Beam,09.04.2025 12:12:49,09.04.2025 13:02:29,1937,8.0,W2R5,unknown,,,1937.0,4.2,HVC,40.0,36.4
359,Wed  09 Apr 2025 09:37:05 +0000,Rasmus Partzsch,HVC 40V 42C AIDA,Run,Beam,09.04.2025 11:36:14,09.04.2025 11:37:03,1934,8.0,W2R5,bad,,,1934.0,4.2,HVC,40.0,46.8
358,Wed  09 Apr 2025 09:34:38 +0000,Rasmus Partzsch,HVC 40V 42C AIDA,Run,Beam,09.04.2025 11:34:22,09.04.2025 11:34:37,1933,8.0,W2R5,bad,,,1933.0,4.2,HVC,40.0,46.8
357,Wed  09 Apr 2025 09:24:03 +0000,Rasmus Partzsch,HVC 40V 47C AIDA,Run,Beam,09.04.2025 11:23:55,09.04.2025 11:24:02,1932,8.0,W2R5,bad,,,1932.0,4.2,HVC,40.0,46.8
356,Wed  09 Apr 2025 09:18:26 +0000,Rasmus Partzsch,HVC 40V 47C AIDA,Run,Beam,09.04.2025 11:18:00,09.04.2025 11:18:25,1931,8.0,W2R5,bad,,,1931.0,4.2,HVC,40.0,46.8
355,Wed  09 Apr 2025 09:13:32 +0000,Rasmus Partzsch,HVC 40V 47C AIDA,Run,Beam,09.04.2025 10:49:18,09.04.2025 11:13:30,1930,8.0,W2R5,bad,,,1930.0,4.2,HVC,40.0,46.8
354,Wed  09 Apr 2025 08:43:20 +0000,Rasmus Partzsch,HVC 40V 45C AIDA,Run,Beam,09.04.2025 10:17:05,09.04.2025 10:43:18,1929,8.0,W2R5,unknown,,,1929.0,4.2,HVCColumns,40.0,45.3
353,Wed  09 Apr 2025 08:15:13 +0000,Guglielmo Benfratello,HVC 40V 45C AIDA,Run,Beam,09.04.2025 09:46:36,09.04.2025 10:15:11,1928,8.0,W2R5,unknown,,,1928.0,4.2,HVCColumns,40.0,45.3
352,Wed  09 Apr 2025 07:16:44 +0000,Guglielmo Benfratello,HVC 40V 40C AIDA,Run,Beam,09.04.2025 08:44:33,09.04.2025 09:16:42,1927,8.0,w2R5,unknown,,,1927.0,4.2,HVCColumns,40.0,40.0
351,Wed  09 Apr 2025 06:17:14 +0000,wang shijie,Psub 20 40C AIDA,Run,Beam,09.04.2025 07:57:28,09.04.2025 08:17:12,1926,8.0,w2R5,unknown,,,1926.0,4.2,DCColumns,20.0,40.13
350,Wed  09 Apr 2025 05:42:08 +0000,wang shijie,Psub 20 50C AIDA,Run,Beam,09.04.2025 07:22:08,09.04.2025 07:42:07,1925,8.0,w2R5,unknown,,,1925.0,4.2,DCColumns,20.0,50.1
349,Wed  09 Apr 2025 05:20:58 +0000,wang shijie,Psub 20 50C AIDA,Run,Beam,09.04.2025 07:00:26,09.04.2025 07:20:56,1924,8.0,w2R5,unknown,,,1924.0,4.2,DCColumns,20.0,50.1
348,Wed  09 Apr 2025 04:58:54 +0000,wang shijie,Psub 20 50C AIDA,Run,Beam,09.04.2025 06:36:49,09.04.2025 06:58:53,1923,8.0,w2R5,unknown,,,1923.0,4.2,DCColumns,20.0,50.1
347,Wed  09 Apr 2025 04:19:14 +0000,wang shijie,Psub 20 47C AIDA,Run,Beam,09.04.2025 05:57:22,09.04.2025 06:19:12,1922,8.0,w2R5,bad,,,1922.0,4.2,DC,20.0,46.9
346,Wed  09 Apr 2025 03:56:10 +0000,wang shijie,Psub 20 47C AIDA,Run,Beam,09.04.2025 05:34:06,09.04.2025 05:56:09,1921,8.0,w2R5,unknown,,,1921.0,4.2,DCColumns,20.0,46.9
345,Wed  09 Apr 2025 03:25:18 +0000,wang shijie,Psub 20 45C AIDA,Run,Beam,09.04.2025 05:02:39,09.04.2025 05:25:16,1920,8.0,w2R5,unknown,,,1920.0,4.2,DC,20.0,45.4
344,Wed  09 Apr 2025 03:01:00 +0000,wang shijie,Psub 20 45C AIDA,Run,Beam,09.04.2025 04:38:29,09.04.2025 05:00:58,1919,8.0,w2R5,unknown,,,1919.0,4.2,DCColumns,20.0,45.4
343,Wed  09 Apr 2025 02:37:01 +0000,wang shijie,Psub 20 45C AIDA,Run,Beam,09.04.2025 04:15:01,09.04.2025 04:37:00,1918,8.0,w2R5,unknown,,,1918.0,4.2,DCColumns,20.0,45.4
342,Wed  09 Apr 2025 01:54:36 +0000,wang shijie,Psub 20 45C AIDA,Run,Beam,09.04.2025 03:32:33,09.04.2025 03:54:34,1917,8.0,w2R5,unknown,,,1917.0,4.2,DCColumns,20.0,45.4
341,Wed  09 Apr 2025 01:17:02 +0000,wang shijie,Psub 20 40C AIDA,Run,Beam,09.04.2025 02:52:42,09.04.2025 03:17:00,1916,8.0,w2R5,bad,,,1916.0,4.2,DC,20.0,39.9
340,Wed  09 Apr 2025 00:41:26 +0000,wang shijie,Psub 20 35C AIDA,Run,Beam,09.04.2025 02:19:13,09.04.2025 02:41:25,1915,8.0,w2R5,unknown,,,1915.0,4.2,DC,20.0,34.61
338,Wed  09 Apr 2025 00:08:57 +0000,wang shijie,Psub 20 35C AIDA,Run,Beam,09.04.2025 02:07:26,09.04.2025 02:08:56,1914,8.0,w2R5,bad,,,1914.0,4.2,DC,6.0,4.0
337,Wed  09 Apr 2025 00:05:32 +0000,wang shijie,Psub 6 30C AIDA,Run,Beam,09.04.2025 01:42:50,09.04.2025 02:05:30,1913,8.0,w2R5,unknown,,,1913.0,4.2,DC,6.0,34.0
336,Tue  08 Apr 2025 23:40:51 +0000,wang shijie,Psub 20 30C AIDA,Run,Beam,09.04.2025 01:18:19,09.04.2025 01:40:49,1912,8.0,w2R5,unknown,,,1912.0,4.2,DC,20.0,34.0
331,Tue  08 Apr 2025 20:01:42 +0000,Rasmus Partzsch,HV 40 40C AIDA,Run,Beam,08.04.2025 21:31:18,08.04.2025 22:01:40,1906,7.0,W8R6,unknown,,,1906.0,4.2,HVColumns,40.0,40.3
330,Tue  08 Apr 2025 19:29:33 +0000,Rasmus Partzsch,HV 40 40C AIDA,Run,Beam,08.04.2025 20:56:44,08.04.2025 21:29:30,1905,7.0,W8R6,unknown,,,1905.0,4.2,HVColumns,40.0,40.0
329,Tue  08 Apr 2025 18:43:45 +0000,Rasmus Partzsch,HV 40 34C AIDA,Run,Beam,08.04.2025 20:05:15,08.04.2025 20:43:42,1904,7.0,W8R6,unknown,,,1904.0,4.2,HV,40.0,34.2
328,Tue  08 Apr 2025 17:54:02 +0000,Rasmus Partzsch,HV 40 40C AIDA,Run,Beam,08.04.2025 19:23:35,08.04.2025 19:53:59,1903,7.0,W8R6,unknown,,,1903.0,4.2,HV,40.0,40.3
327,Tue  08 Apr 2025 17:03:55 +0000,Rasmus Partzsch,HV 40 30C AIDA,Run,Beam,08.04.2025 18:34:32,08.04.2025 19:03:53,1902,7.0,W8R6,unknown,,,1902.0,4.2,HV,40.0,30.4
326,Tue  08 Apr 2025 16:17:56 +0000,Rasmus Partzsch,psub 20 30C AIDA,Run,Beam,08.04.2025 18:12:56,08.04.2025 18:17:54,1901,7.0,W8R6,bad,,,1901.0,4.2,DCC,20.0,29.81
325,Tue  08 Apr 2025 15:53:00 +0000,Rasmus Partzsch,psub 20 10C AIDA,Run,Beam,08.04.2025 17:29:59,08.04.2025 17:52:58,1900,7.0,W8R6,unknown,,,1900.0,4.2,DCC,20.0,9.76
324,Tue  08 Apr 2025 15:28:11 +0000,Rasmus Partzsch,psub 20 10C AIDA,Run,Beam,08.04.2025 17:21:54,08.04.2025 17:28:09,1899,7.0,W8R6,bad,,,1899.0,4.2,DCC,20.0,9.76
323,Tue  08 Apr 2025 15:17:39 +0000,Rasmus Partzsch,psub 20 10C AIDA,Run,Beam,08.04.2025 16:49:41,08.04.2025 17:17:37,1898,7.0,W8R6,unknown,,,1898.0,4.2,DCC,20.0,9.96
322,Tue  08 Apr 2025 14:19:26 +0000,Roua Boudagga,psub 20 20C AIDA,Run,Beam,08.04.2025 15:57:36,08.04.2025 16:19:23,1897,7.0,W8R6,unknown,,,1897.0,4.2,DCCColumns,20.0,19.68
321,Tue  08 Apr 2025 13:56:23 +0000,Roua Boudagga,psub 20 20C AIDA,Run,Beam,08.04.2025 15:38:07,08.04.2025 15:56:22,1896,7.0,W8R6,unknown,,,1896.0,4.2,DCCColumns,20.0,19.68
320,Tue  08 Apr 2025 13:06:52 +0000,Roua Boudagga,psub 20 40C AIDA,Run,Beam,08.04.2025 14:48:38,08.04.2025 15:06:50,1895,7.0,W8R6,unknown,,,1895.0,4.2,DCC,20.0,33.0
319,Tue  08 Apr 2025 12:45:54 +0000,Roua Boudagga,psub 20 40C AIDA,Run,Beam,08.04.2025 14:28:30,08.04.2025 14:45:53,1894,7.0,W8R6,unknown,,,1894.0,4.2,DCC,20.0,33.0
318,Tue  08 Apr 2025 12:27:09 +0000,Roua Boudagga,psub 20 40C AIDA,Run,Beam,08.04.2025 14:26:31,08.04.2025 14:27:08,1893,7.0,W8R6,bad,,,1893.0,4.2,DCC,20.0,33.0
317,Tue  08 Apr 2025 12:21:06 +0000,Roua Boudagga,psub 20 40C AIDA,Run,Beam,08.04.2025 14:18:14,08.04.2025 14:21:05,1892,7.0,W8R6,bad,,,1892.0,4.2,DCC,20.0,33.0
316,Tue  08 Apr 2025 10:56:00 +0000,Roua Boudagga,psub 20 35C AIDA,Run,Beam,08.04.2025 12:37:02,08.04.2025 12:55:58,1891,7.0,W8R6,unknown,,,1891.0,4.2,DCC,20.0,35.4
315,Tue  08 Apr 2025 10:34:14 +0000,Roua Boudagga,psub 20 35C AIDA,Run,Beam,08.04.2025 12:15:00,08.04.2025 12:34:13,1890,7.0,W8R6,unknown,,,1890.0,4.2,DCC,20.0,35.4
314,Tue  08 Apr 2025 10:12:34 +0000,Roua Boudagga,psub 20 35C AIDA,Run,Beam,08.04.2025 11:50:04,08.04.2025 12:12:32,1889,7.0,W8R6,unknown,,,1889.0,4.2,DCC,20.0,35.4
312,Tue  08 Apr 2025 09:22:42 +0000,Roua Boudagga,psub 20 30C AIDA,Run,Beam,08.04.2025 11:01:58,08.04.2025 11:22:40,1888,7.0,W8R6,unknown,,,1888.0,4.2,DCC,20.0,29.5
311,Tue  08 Apr 2025 08:58:32 +0000,Roua Boudagga,psub 20 30C AIDA,Run,Beam,08.04.2025 10:39:02,08.04.2025 10:58:31,1887,7.0,W8R6,unknown,,,1887.0,4.2,DCC,20.0,29.5
310,Tue  08 Apr 2025 08:35:19 +0000,Roua Boudagga,psub 20 30C AIDA,Run,Beam,08.04.2025 10:15:19,08.04.2025 10:35:18,1886,7.0,W8R6,unknown,,,1886.0,4.2,DCC,20.0,29.5
309,Tue  08 Apr 2025 08:13:04 +0000,Roua Boudagga,psub 20 30C AIDA,Run,Beam,08.04.2025 09:50:48,08.04.2025 10:13:03,1885,7.0,W8R6,unknown,,,1885.0,4.2,DCC,20.0,29.5
308,Tue  08 Apr 2025 07:50:06 +0000,Alice Gabrielli,psub 20 30C AIDA,Run,Beam,08.04.2025 09:30:08,08.04.2025 09:50:04,1884,7.0,W8R6,unknown,,,1884.0,4.2,DCC,20.0,29.5
307,Mon  07 Apr 2025 21:38:26 +0000,Guglielmo Benfratello,HV 40V 30C AIDA,Run,Beam,07.04.2025 23:25:58,07.04.2025 23:38:25,1883,7.0,W8R6,unknown,,,1883.0,4.2,DCC,40.0,29.7
306,Mon  07 Apr 2025 20:36:54 +0000,Alice Gabrielli,HV 40V 30C AIDA,Run,Beam,07.04.2025 22:07:26,07.04.2025 22:36:52,1882,7.0,W8R6,unknown,,,1882.0,4.2,DCC,40.0,29.7
305,Mon  07 Apr 2025 19:59:24 +0000,Alice Gabrielli,HV 40V 30C AIDA,Run,Beam,07.04.2025 19:42:48,07.04.2025 21:59:21,1881,7.0,W8R6,unknown,,,1881.0,4.2,DCC,40.0,29.7
304,Mon  07 Apr 2025 17:38:10 +0000,Alice Gabrielli,psub 20V 30C AIDA,Run,Beam,07.04.2025 19:23:06,07.04.2025 19:38:08,1880,7.0,W8R6,,,,1880.0,4.2,DCC,20.0,29.7
302,Mon  07 Apr 2025 16:00:26 +0000,Guglielmo Benfratello,psub 20V 40C AIDA,Run,Beam,07.04.2025 17:36:49,07.04.2025 18:00:24,1878,6.0,W2R5,unknown,,,1878.0,4.2,DCCColumns,20.0,39.9
301,Mon  07 Apr 2025 15:29:16 +0000,Alice Gabrielli,psub 20V 35C AIDA,Run,Beam,07.04.2025 17:07:12,07.04.2025 17:29:14,1877,6.0,W2R5,unknown,,,1877.0,4.2,DCCColumns,20.0,34.8
292,Mon  07 Apr 2025 09:36:48 +0000,Maximilian babeluk,Debug AIDA,Run,Debug,07.04.2025 10:57:24,07.04.2025 11:36:45,1868,6.0,W2R5,unknown,,,1868.0,6.0,DCCColumns,20.0,9.9
291,Mon  07 Apr 2025 08:49:40 +0000,Maximilian babeluk,Debug AIDA,Run,Debug,07.04.2025 10:08:32,07.04.2025 10:49:38,1867,6.0,W2R5,unknown,,,1867.0,6.0,DCCColumns,20.0,9.9
290,Mon  07 Apr 2025 08:05:13 +0000,Maximilian babeluk,Debug AIDA,Run,Debug,07.04.2025 10:02:27,07.04.2025 10:05:11,1866,6.0,W2R5,unknown,,,1866.0,4.2,DCCColumns,20.0,9.9
289,Mon  07 Apr 2025 08:01:01 +0000,Guglielmo Benfratello,Psub 20V T_NTC 10C,Run,Debug,07.04.2025 10:00:41,07.04.2025 10:01:00,1865,6.0,W2R5,bad,,,1865.0,4.2,DCC,20.0,9.9
288,Mon  07 Apr 2025 07:47:58 +0000,Guglielmo Benfratello,Psub 20V T_NTC 10C,Run,Debug,07.04.2025 09:46:33,07.04.2025 09:47:56,1864,6.0,W2R5,bad,,,1864.0,4.2,DCC,20.0,9.9
287,Sun  06 Apr 2025 22:45:03 +0000,Guglielmo Benfratello,Psub 20V T_NTC 10C,Run,Beam,07.04.2025 00:22:44,07.04.2025 00:45:01,1863,6.0,W2R5,unknown,,,1863.0,4.2,DCCColumns,20.0,9.9
286,Sun  06 Apr 2025 22:21:09 +0000,Guglielmo Benfratello,Psub 20V T_NTC 10C,Run,Beam,07.04.2025 00:20:13,07.04.2025 00:21:08,1862,6.0,W2R5,bad,,,1862.0,4.2,DCC,20.0,15.1
285,Sun  06 Apr 2025 22:19:01 +0000,Guglielmo Benfratello,Psub 20V T_NTC 10C,Run,Beam,07.04.2025 00:17:07,07.04.2025 00:18:59,1861,6.0,W2R5,bad,,,1861.0,4.2,DCC,20.0,15.1
284,Sun  06 Apr 2025 22:05:42 +0000,Guglielmo Benfratello,Psub 20V T_NTC 15C,Run,Beam,06.04.2025 23:43:34,07.04.2025 00:05:39,1860,6.0,W2R5,unknown,,,1860.0,4.2,DCCColumns,20.0,15.1
283,Sun  06 Apr 2025 21:32:20 +0000,Guglielmo Benfratello,Psub 20V T_NTC 20C,Run,Beam,06.04.2025 23:10:59,06.04.2025 23:32:19,1859,6.0,W2R5,unknown,,,1859.0,4.2,DCCColumns,20.0,20.1
282,Sun  06 Apr 2025 21:09:42 +0000,Guglielmo Benfratello,Psub 20V T_NTC 20C,Run,Beam,06.04.2025 23:09:12,06.04.2025 23:09:41,1858,6.0,W2R5,bad,,,1858.0,4.2,DCC,20.0,20.3
281,Sun  06 Apr 2025 20:59:46 +0000,Guglielmo Benfratello,Psub 20V T_NTC 25C,Run,Beam,06.04.2025 22:37:42,06.04.2025 22:59:43,1857,6.0,W2R5,unknown,,,1857.0,4.2,DCCColumns,20.0,25.1
280,Sun  06 Apr 2025 20:32:16 +0000,Guglielmo Benfratello,Psub 20V T_NTC 25C,Run,Beam,06.04.2025 22:25:42,06.04.2025 22:32:14,1855,6.0,W2R5,unknown,,,1855.0,4.2,DCC,20.0,25.1
279,Sun  06 Apr 2025 17:22:41 +0000,Guglielmo Benfratello,Psub 20V T_NTC 30C,Run,Beam,06.04.2025 19:00:35,06.04.2025 19:22:40,1853,6.0,W2R5,unknown,,,1853.0,4.2,DCCColumns,20.0,29.95
278,Sun  06 Apr 2025 16:59:46 +0000,Guglielmo Benfratello,Psub 20V T_NTC 30C,Run,Beam,06.04.2025 18:37:53,06.04.2025 18:59:44,1852,6.0,W2R5,unknown,,,1852.0,4.2,DCCColumns,20.0,29.95
277,Sun  06 Apr 2025 16:28:31 +0000,Guglielmo Benfratello,Psub 20V T_NTC 35C,Run,Beam,06.04.2025 18:06:50,06.04.2025 18:28:29,1851,6.0,W2R5,unknown,,,1851.0,4.2,DCCColumns,20.0,35.12
276,Sun  06 Apr 2025 16:05:51 +0000,Guglielmo Benfratello,Psub 20V T_NTC 35C,Run,Beam,06.04.2025 17:44:07,06.04.2025 18:05:49,1850,6.0,W2R5,unknown,,,1850.0,4.2,DCC,20.0,35.12
275,Sun  06 Apr 2025 15:33:05 +0000,Guglielmo Benfratello,Psub 20V T_NTC 40C,Run,Beam,06.04.2025 17:11:09,06.04.2025 17:33:03,1849,6.0,W2R5,unknown,,,1849.0,4.2,DCC,20.0,40.2
274,Sun  06 Apr 2025 15:08:23 +0000,Guglielmo Benfratello,Psub 20V T_NTC 40C,Run,Beam,06.04.2025 17:07:17,06.04.2025 17:08:22,1848,6.0,W2R5,bad,,,1848.0,4.2,DCCColumns,20.0,40.2
273,Sun  06 Apr 2025 15:06:16 +0000,Guglielmo Benfratello,Psub 20V T_NTC 40C,Run,Beam,06.04.2025 16:43:46,06.04.2025 17:06:13,1847,6.0,W2R5,unknown,,,1847.0,4.2,DCCColumns,20.0,40.2
272,Sun  06 Apr 2025 14:11:37 +0000,Guglielmo Benfratello,Psub 20V T_NTC 40C,Run,Beam,06.04.2025 15:45:31,06.04.2025 16:11:35,1846,6.0,W2R5,good,,,1846.0,4.2,DCC,20.0,40.3
271,Sun  06 Apr 2025 13:30:33 +0000,Guglielmo Benfratello,Psub 20V T_NTC 40C,Run,Beam,06.04.2025 15:06:39,06.04.2025 15:30:30,1845,6.0,W2R5,good,,,1845.0,4.2,DCC,20.0,40.24
269,Sun  06 Apr 2025 13:04:57 +0000,Guglielmo Benfratello,Psub 20V T_NTC 40C,Run,Beam,06.04.2025 14:42:44,06.04.2025 15:04:55,1844,6.0,W2R5,good,,,1844.0,4.2,DCC,20.0,40.11
268,Sun  06 Apr 2025 12:36:42 +0000,Guglielmo Benfratello,Psub 20V T_NTC 40C,Run,Beam,06.04.2025 14:10:34,06.04.2025 14:36:40,1843,6.0,W2R5,unknown,,,1843.0,4.2,DCC,20.0,40.11
267,Sun  06 Apr 2025 11:53:37 +0000,Guglielmo Benfratello,Psub 20V T_NTC 35C,Run,Beam,06.04.2025 13:30:43,06.04.2025 13:53:35,1841,6.0,W2R5,good,,,1841.0,4.2,DCC,20.0,34.92
266,Sun  06 Apr 2025 11:26:20 +0000,Guglielmo Benfratello,Psub 20V T_NTC 35C,Run,Beam,06.04.2025 12:47:32,06.04.2025 13:26:17,1840,6.0,W2R5,good,,,1840.0,4.2,DCC,20.0,34.92
262,Sun  06 Apr 2025 09:56:17 +0000,Guglielmo Benfratello,Psub 20V T_NTC 35C,Run,Beam,06.04.2025 11:32:56,06.04.2025 11:56:15,1836,6.0,W2R5,bad,,,1836.0,4.2,DCC,20.0,34.9
260,Sun  06 Apr 2025 07:16:39 +0000,Guglielmo Benfratello,Psub 6V T_NTC 30C,Run,Beam,06.04.2025 08:53:28,06.04.2025 09:16:37,1834,6.0,W2R5,unknown,,,1834.0,4.2,DCC,6.0,29.39
259,Sun  06 Apr 2025 06:50:50 +0000,Guglielmo Benfratello,Psub 7V T_NTC 30C,Run,Beam,06.04.2025 08:28:11,06.04.2025 08:50:48,1833,6.0,W2R5,unknown,,,1833.0,4.2,DCC,7.0,29.39
258,Sun  06 Apr 2025 06:24:42 +0000,shijie wang,Psub 7V T_NTC 30C,Run,Beam,06.04.2025 08:23:49,06.04.2025 08:24:41,1832,6.0,W2R5,bad,,,1832.0,4.2,DCC,7.0,29.39
257,Sun  06 Apr 2025 06:17:01 +0000,shijie wang,Psub 7V T_NTC 30C,Run,Beam,06.04.2025 08:15:43,06.04.2025 08:17:00,1831,6.0,W2R5,bad,,,1831.0,4.2,DCC,7.0,29.39
256,Sun  06 Apr 2025 06:13:33 +0000,shijie wang,Psub 7V T_NTC 30C,Run,Beam,06.04.2025 08:12:57,06.04.2025 08:13:31,1830,6.0,W2R5,bad,,,1830.0,4.2,DCC,7.0,29.39
255,Sun  06 Apr 2025 06:10:44 +0000,shijie wang,Psub 8V T_NTC 30C,Run,Beam,06.04.2025 07:48:38,06.04.2025 08:10:41,1829,6.0,W2R5,unknown,,,1829.0,4.2,DCC,8.0,29.39
254,Sun  06 Apr 2025 05:46:40 +0000,shijie wang,Psub 9V T_NTC 30C,Run,Beam,06.04.2025 07:24:40,06.04.2025 07:46:37,1828,6.0,W2R5,unknown,,,1828.0,4.2,DCC,9.0,29.45
253,Sun  06 Apr 2025 05:22:57 +0000,shijie wang,Psub 10V T_NTC 30C,Run,Beam,06.04.2025 07:00:30,06.04.2025 07:22:55,1827,6.0,W2R5,unknown,,,1827.0,4.2,DCC,10.0,29.45
252,Sun  06 Apr 2025 04:58:40 +0000,shijie wang,Psub 10V T_NTC 30C,Run,Beam,06.04.2025 06:58:11,06.04.2025 06:58:39,1826,6.0,W2R5,bad,,,1826.0,4.2,DCC,10.0,29.42
251,Sun  06 Apr 2025 04:56:48 +0000,shijie wang,Psub 12V T_NTC 30C,Run,Beam,06.04.2025 06:35:00,06.04.2025 06:56:46,1825,6.0,W2R5,unknown,,,1825.0,4.2,DCC,12.0,29.42
250,Sun  06 Apr 2025 04:33:04 +0000,shijie wang,Psub 14V T_NTC 30C,Run,Beam,06.04.2025 06:11:15,06.04.2025 06:33:02,1824,6.0,W2R5,unknown,,,1824.0,4.2,DCC,14.0,29.42
249,Sun  06 Apr 2025 04:09:06 +0000,shijie wang,Psub 16V T_NTC 30C,Run,Beam,06.04.2025 05:47:10,06.04.2025 06:09:04,1823,6.0,W2R5,unknown,,,1823.0,4.2,DCC,16.0,29.42
248,Sun  06 Apr 2025 03:44:56 +0000,shijie wang,Psub 18V T_NTC 30C,Run,Beam,06.04.2025 05:23:20,06.04.2025 05:44:54,1822,6.0,W2R5,unknown,,,1822.0,4.2,DCC,18.0,29.53
247,Sun  06 Apr 2025 03:20:41 +0000,shijie wang,Psub 18V T_NTC 30C,Run,Beam,06.04.2025 05:19:57,06.04.2025 05:20:39,1821,6.0,W2R5,bad,,,1821.0,4.2,DCC,18.0,29.53
246,Sun  06 Apr 2025 03:18:14 +0000,shijie wang,Psub 20V T_NTC 30C,Run,Beam,06.04.2025 04:56:09,06.04.2025 05:18:10,1820,6.0,W2R5,unknown,,,1820.0,4.2,DCC,20.0,29.53
245,Sun  06 Apr 2025 02:44:04 +0000,shijie wang,HV 6V T_NTC 30C,Run,Beam,06.04.2025 04:14:18,06.04.2025 04:44:01,1819,6.0,W2R5,unknown,,,1819.0,4.2,HVC,6.0,9.77
244,Sun  06 Apr 2025 02:13:10 +0000,shijie wang,HV 6V T_NTC 30C,Run,Beam,06.04.2025 04:12:42,06.04.2025 04:13:08,1818,6.0,W2R5,bad,,,1818.0,4.2,HVC,6.0,9.77
243,Sun  06 Apr 2025 01:30:37 +0000,shijie wang,HV 40V T_NTC 10C,Run,Beam,06.04.2025 03:01:05,06.04.2025 03:30:34,1817,6.0,W2R5,unknown,,,1817.0,4.2,HVCColumns,40.0,9.77
242,Sun  06 Apr 2025 00:40:10 +0000,shijie wang,HV 40V T_NTC 15C,Run,Beam,06.04.2025 02:10:43,06.04.2025 02:40:07,1816,6.0,W2R5,unknown,,,1816.0,4.2,HVCColumns,40.0,15.31
241,Sat  05 Apr 2025 23:50:38 +0000,shijie wang,HV 40V T_NTC 20C,Run,Beam,06.04.2025 01:21:45,06.04.2025 01:50:35,1815,6.0,W2R5,unknown,,,1815.0,4.2,HVCColumns,40.0,20.15
240,Sat  05 Apr 2025 23:07:21 +0000,shijie wang,HV 40V T_NTC 25C,Run,Beam,06.04.2025 00:34:56,06.04.2025 01:07:18,1814,6.0,W2R5,unknown,,,1814.0,4.2,HVCColumns,40.0,24.55
239,Sat  05 Apr 2025 22:17:23 +0000,Giuliana Rizzo,HV 40V T_NTC 30C,Run,Beam,05.04.2025 23:46:39,06.04.2025 00:17:20,1813,6.0,W2R5,unknown,,,1813.0,4.2,HVC,40.0,29.35
237,Sat  05 Apr 2025 21:45:29 +0000,Giuliana Rizzo,HV 40V T_NTC 30C,Run,Beam,05.04.2025 23:14:27,05.04.2025 23:45:26,1812,6.0,W2R5,unknown,,,1812.0,4.2,HVC,40.0,29.34
236,Sat  05 Apr 2025 20:33:27 +0000,Giuliana Rizzo,HV 40V T_NTC 30C,Run,Beam,05.04.2025 22:02:54,05.04.2025 22:33:25,1811,6.0,W2R5,unknown,,,1811.0,4.2,HVCColumns,40.0,29.7
235,Sat  05 Apr 2025 20:00:13 +0000,Giuliana Rizzo,HV 40V T_NTC 30C,Run,Beam,05.04.2025 21:26:33,05.04.2025 22:00:11,1810,6.0,W2R5,unknown,,,1810.0,4.2,HVCColumns,40.0,29.7
233,Sat  05 Apr 2025 19:19:06 +0000,Giuliana Rizzo,HV 30V T_NTC 30C,Run,Beam,05.04.2025 20:49:15,05.04.2025 21:19:03,1809,6.0,W2R5,unknown,,,1809.0,4.2,HVC,30.0,29.7
231,Sat  05 Apr 2025 18:46:01 +0000,Giuliana Rizzo,"HV 35V, T_NTC 30C",Run,Beam,05.04.2025 20:10:19,05.04.2025 20:45:57,1808,6.0,W2R5,unknown,,,1808.0,4.2,HVCColumns,35.0,29.7
229,Sat  05 Apr 2025 17:48:37 +0000,Guglielmo Benfratello,"HV 40V, T_NTC 40C",Run,Beam,05.04.2025 19:14:36,05.04.2025 19:48:35,1807,6.0,W2R5,unknown,,,1807.0,4.2,HVC,40.0,40.33
228,Sat  05 Apr 2025 17:13:39 +0000,Guglielmo Benfratello,"HV 40V, T_NTC 40C",Run,Beam,05.04.2025 18:43:41,05.04.2025 19:13:37,1806,6.0,W2R5,unknown,,,1806.0,4.2,HVC,40.0,40.24
227,Sat  05 Apr 2025 16:34:53 +0000,Guglielmo Benfratello,"HV 40V, T_NTC 40C",Run,Beam,05.04.2025 18:03:26,05.04.2025 18:34:50,1805,6.0,W2R5,unknown,,,1805.0,4.2,HVC,40.0,40.24
226,Sat  05 Apr 2025 16:02:39 +0000,Guglielmo Benfratello,"HV 40V, T_NTC 40C",Run,Beam,05.04.2025 17:32:47,05.04.2025 18:02:37,1804,6.0,W2R5,unknown,,,1804.0,4.2,HVC,40.0,40.24
225,Sat  05 Apr 2025 15:22:31 +0000,Guglielmo Benfratello,"HV 40V, T_NTC 40C",Run,Beam,05.04.2025 16:53:32,05.04.2025 17:22:29,1803,6.0,W2R5,unknown,,,1803.0,4.2,HVC,40.0,40.24
224,Sat  05 Apr 2025 14:34:34 +0000,Guglielmo Benfratello,"HV 40V, T_NTC 35C",Run,Beam,05.04.2025 16:05:56,05.04.2025 16:34:31,1802,6.0,W2R5,good,,,1802.0,4.2,HVC,40.0,34.9
222,Sat  05 Apr 2025 13:33:08 +0000,Guglielmo Benfratello,"HV 10V, T_NTC 30C",Run,Beam,05.04.2025 15:03:02,05.04.2025 15:33:05,1801,6.0,W2R5,good,,,1801.0,4.2,HVC,10.0,29.7
221,Sat  05 Apr 2025 12:59:17 +0000,Guglielmo Benfratello,"HV 20V, T_NTC 30C",Run,Debug,05.04.2025 14:56:03,05.04.2025 14:59:16,1800,6.0,W2R5,good,,,1800.0,4.2,HVC,20.0,29.7
220,Sat  05 Apr 2025 12:55:22 +0000,Guglielmo Benfratello,"HV 20V, T_NTC 30C",Run,Debug,05.04.2025 14:51:46,05.04.2025 14:55:21,1799,6.0,W2R5,good,,,1799.0,4.2,HVC,20.0,29.7
219,Sat  05 Apr 2025 12:51:08 +0000,Guglielmo Benfratello,"HV 20V, T_NTC 30C",Run,Debug,05.04.2025 14:45:17,05.04.2025 14:51:06,1798,6.0,W2R5,good,,,1798.0,4.2,HVC,20.0,29.7
218,Sat  05 Apr 2025 12:44:37 +0000,Guglielmo Benfratello,"HV 20V, T_NTC 30C",Run,Debug,05.04.2025 14:41:11,05.04.2025 14:44:36,1797,6.0,W2R5,good,,,1797.0,4.2,HVC,20.0,29.7
217,Sat  05 Apr 2025 12:40:21 +0000,Guglielmo Benfratello,"HV 20V, T_NTC 30C",Run,Debug,05.04.2025 14:36:30,05.04.2025 14:40:20,1796,6.0,W2R5,good,,,1796.0,4.2,HVC,20.0,29.7
216,Sat  05 Apr 2025 12:35:56 +0000,Guglielmo Benfratello,"HV 20V, T_NTC 30C",Run,Debug,05.04.2025 14:20:34,05.04.2025 14:35:55,1795,6.0,W2R5,good,,,1795.0,4.2,HVC,20.0,29.7
215,Sat  05 Apr 2025 12:13:18 +0000,Guglielmo Benfratello,"HV 15V, T_NTC 30C",Run,Beam,05.04.2025 13:45:15,05.04.2025 14:13:15,1794,6.0,W2R5,good,,,1794.0,4.2,HVC,15.0,29.7
214,Sat  05 Apr 2025 11:41:13 +0000,Guglielmo Benfratello,"HV 15V, T_NTC 30C",Run,Beam,05.04.2025 13:25:27,05.04.2025 13:41:11,1792,6.0,W2R5,bad,,,1792.0,4.2,HVC,15.0,29.7
213,Sat  05 Apr 2025 11:11:45 +0000,Guglielmo Benfratello,"HV 20V, T_NTC 30C",Run,Beam,05.04.2025 12:39:19,05.04.2025 13:11:43,1791,6.0,W2R5,bad,,,1791.0,4.2,HVC,20.0,29.7
212,Sat  05 Apr 2025 10:24:42 +0000,Guglielmo Benfratello,"HV 25V, T_NTC 30C",Run,Beam,05.04.2025 11:54:46,05.04.2025 12:24:40,1790,6.0,W2R5,good,,,1790.0,4.2,HVC,25.0,29.7
210,Sat  05 Apr 2025 09:49:25 +0000,Guglielmo Benfratello,"HV 25V, T_NTC 30C",Run,Beam,05.04.2025 11:48:10,05.04.2025 11:49:23,1788,6.0,W2R5,bad,,,1788.0,4.2,HVCColumns,25.0,29.6
209,Sat  05 Apr 2025 09:45:19 +0000,Guglielmo Benfratello,"HV 25V, T_NTC 30C",Run,Beam,05.04.2025 11:42:44,05.04.2025 11:45:17,1787,6.0,W2R5,bad,,,1787.0,4.2,HVCColumns,25.0,29.6
208,Sat  05 Apr 2025 09:26:58 +0000,Guglielmo Benfratello,"psub 20V, T_NTC 30C",Run,Beam,05.04.2025 11:07:43,05.04.2025 11:26:57,1786,6.0,W2R5,bad,,,1786.0,4.2,DCC,20.0,29.6
206,Sat  05 Apr 2025 08:44:39 +0000,Guglielmo Benfratello,"psub 20V, T_NTC 30C",Run,Debug,05.04.2025 10:26:19,05.04.2025 10:44:37,1784,6.0,W2R5,unknown,,,1784.0,4.2,HVCColumns,25.0,29.6
198,Sat  05 Apr 2025 07:49:46 +0000,Guglielmo Benfratello,"HV 25V, T_NTC 30C",Run,Debug,05.04.2025 09:49:19,05.04.2025 09:49:45,1778,6.0,W2R5,unknown,,,1778.0,4.2,HVC,25.0,29.6
197,Sat  05 Apr 2025 07:48:35 +0000,Guglielmo Benfratello,"HV 25V, T_NTC 30C",Run,Beam,05.04.2025 09:45:50,05.04.2025 09:48:34,1777,6.0,W2R5,unknown,,,1777.0,4.2,HVC,25.0,29.6
195,Sat  05 Apr 2025 07:44:37 +0000,Guglielmo Benfratello,"HV 25V, T_NTC 30C",Run,Debug,05.04.2025 09:44:14,05.04.2025 09:44:36,1776,6.0,W2R5,unknown,,,1776.0,4.2,HVC,25.0,29.6
194,Sat  05 Apr 2025 07:40:37 +0000,Guglielmo Benfratello,"HV 25V, T_NTC 30C",Run,Beam,05.04.2025 09:10:59,05.04.2025 09:40:35,1775,6.0,W2R5,unknown,,,1775.0,4.2,HVC,25.0,29.6
182,Sat  05 Apr 2025 02:25:19 +0000,wang shijie,"HV 35V, T_NTC 30C",Run,Beam,05.04.2025 03:59:47,05.04.2025 04:25:16,1761,6.0,W2R5,bad,,,1761.0,4.2,HVC,35.0,29.6
181,Sat  05 Apr 2025 01:50:53 +0000,wang shijie,"HV 30V, T_NTC 30C",Run,Beam,05.04.2025 03:16:28,05.04.2025 03:50:49,1760,6.0,W2R5,bad,,,1760.0,4.2,HVC,30.0,29.7
180,Sat  05 Apr 2025 01:15:47 +0000,wang shijie,"HV 30V, T_NTC 30C",Run,Beam,05.04.2025 03:12:14,05.04.2025 03:15:45,1759,6.0,W2R5,bad,,,1759.0,4.2,HVC,30.0,29.7
178,Sat  05 Apr 2025 00:31:17 +0000,wang shijie,"psub 20V, T_NTC 30C",Run,Beam,05.04.2025 02:01:00,05.04.2025 02:31:15,1758,6.0,W2R5,good,,,1758.0,4.2,DCC,20.0,29.7
177,Sat  05 Apr 2025 00:00:11 +0000,wang shijie,"psub 20V, T_NTC 30C",Run,Beam,05.04.2025 01:43:35,05.04.2025 02:00:10,1757,6.0,W2R5,good,,,1757.0,4.2,DCC,20.0,29.7
176,Fri  04 Apr 2025 23:41:08 +0000,wang shijie,"psub 20V, T_NTC 30C",Run,Beam,05.04.2025 01:40:04,05.04.2025 01:41:07,1756,6.0,W2R5,bad,,,1756.0,4.2,DCC,20.0,30.0
174,Fri  04 Apr 2025 23:36:13 +0000,wang shijie,"psub 20V, T_NTC 30C",Run,Beam,05.04.2025 01:34:19,05.04.2025 01:36:12,1755,6.0,W2R5,bad,,,1755.0,4.2,DCC,20.0,30.0
173,Fri  04 Apr 2025 23:33:07 +0000,wang shijie,"psub 20V, T_NTC 30C",Run,Beam,05.04.2025 01:30:52,05.04.2025 01:33:06,1754,6.0,W2R5,bad,,,1754.0,4.2,DCC,20.0,30.0
172,Fri  04 Apr 2025 23:28:24 +0000,wang shijie,"psub 20V, T_NTC 30C",Run,Beam,05.04.2025 01:23:40,05.04.2025 01:28:23,1753,6.0,W2R5,bad,,,1753.0,4.2,DCC,20.0,30.0
171,Fri  04 Apr 2025 21:47:14 +0000,Juraj Habala,"psub 20V, BCID off",Run,Beam,04.04.2025 23:33:24,04.04.2025 23:47:11,1752,5.0,W8R6,unknown,,,1752.0,4.2,DCC,20.0,43.1
170,Fri  04 Apr 2025 20:34:33 +0000,Juraj Habala,"psub 20V, T_NTC 10C",Run,Beam,04.04.2025 22:21:30,04.04.2025 22:34:31,1751,5.0,W8R6,,,,1751.0,4.2,DCC,20.0,10.3
169,Fri  04 Apr 2025 20:18:09 +0000,Juraj Habala,"psub 20V, T_NTC 10C",Run,Beam,04.04.2025 22:16:54,04.04.2025 22:18:07,1750,5.0,W8R6,bad,,,1750.0,4.2,DCC,20.0,10.3
168,Fri  04 Apr 2025 19:53:37 +0000,Juraj Habala,"psub 20V, T_NTC 15C",Run,Beam,04.04.2025 21:40:11,04.04.2025 21:53:35,1749,5.0,W8R6,unknown,,,1749.0,4.2,DCCColumns,20.0,15.0
167,Fri  04 Apr 2025 19:21:07 +0000,Juraj Habala,"psub 20V, T_NTC 20C",Run,Beam,04.04.2025 21:07:25,04.04.2025 21:21:05,1748,5.0,W8R6,unknown,,,1748.0,4.2,DCC,20.0,19.7
165,Fri  04 Apr 2025 18:59:41 +0000,Juraj Habala,"psub 20V, T_NTC 25C",Run,Beam,04.04.2025 20:55:04,04.04.2025 20:59:40,1746,5.0,W8R6,bad,,,1746.0,4.2,DCC,20.0,24.9
164,Fri  04 Apr 2025 18:39:26 +0000,Juraj Habala,"psub 20V, T_NTC 25C",Run,Beam,04.04.2025 20:24:36,04.04.2025 20:39:25,1745,5.0,W8R6,unknown,,,1745.0,4.2,DCCColumns,20.0,24.9
163,Fri  04 Apr 2025 18:12:45 +0000,Juraj Habala,"psub 20V,  T_NTC 25C",Run,Beam,04.04.2025 20:11:14,04.04.2025 20:12:43,1744,5.0,W8R6,bad,,,1744.0,4.2,DCC,20.0,15.0
162,Fri  04 Apr 2025 17:23:41 +0000,Juraj Habala,"psub 20V, T_NTC 15C",Run,Beam,04.04.2025 19:07:27,04.04.2025 19:23:40,1743,5.0,W8R6,unknown,,,1743.0,4.2,DCC,20.0,15.0
161,Fri  04 Apr 2025 16:48:12 +0000,Juraj Habala,"psub 20V, T_NTC 20C",Run,Beam,04.04.2025 18:32:46,04.04.2025 18:48:10,1742,5.0,W8R6,unknown,,,1742.0,4.2,DCC,20.0,19.9
159,Fri  04 Apr 2025 16:05:40 +0000,Juraj Habala,"psub 20V, T_NTC 25C",Run,Beam,04.04.2025 17:50:25,04.04.2025 18:05:38,1740,5.0,W8R6,unknown,,,1740.0,4.2,DCC,20.0,24.9
158,Fri  04 Apr 2025 15:03:21 +0000,Giuliana Rizzo,psub 20V Reduced Noise,Run,Beam,04.04.2025 16:46:31,04.04.2025 17:03:20,1739,5.0,W8R6,unknown,,,1739.0,4.2,DCC,20.0,35.2
157,Fri  04 Apr 2025 14:45:27 +0000,Giuliana Rizzo,hv 40,Run,Beam,04.04.2025 16:45:04,04.04.2025 16:45:25,1738,5.0,W8R6,bad,,,1738.0,4.2,HVCColumns,40.0,41.85
156,Fri  04 Apr 2025 13:18:18 +0000,Giuliana Rizzo,hv 40,Run,Beam,04.04.2025 14:50:17,04.04.2025 15:18:16,1737,5.0,W8R6,unknown,,,1737.0,4.2,HVC,40.0,41.85
155,Fri  04 Apr 2025 12:43:31 +0000,Giuliana Rizzo,hv 40,Run,Beam,04.04.2025 14:15:50,04.04.2025 14:43:28,1736,5.0,W8R6,unknown,,,1736.0,4.2,HVC,40.0,42.0
154,Fri  04 Apr 2025 12:07:59 +0000,Giuliana Rizzo,hv 40,Run,Beam,04.04.2025 13:17:57,04.04.2025 14:07:54,1735,5.0,W8R6,bad,,,1735.0,4.2,HVC,40.0,42.0
153,Fri  04 Apr 2025 10:23:42 +0000,Giuliana Rizzo,hv 40,Run,Beam,04.04.2025 11:50:16,04.04.2025 12:23:38,1734,5.0,W8R6,unknown,,,1734.0,4.2,HVC,40.0,39.9
152,Fri  04 Apr 2025 09:14:11 +0000,Giuliana Rizzo,hv 40,Run,Beam,04.04.2025 10:45:31,04.04.2025 11:14:09,1733,5.0,W8R6,unknown,,,1733.0,4.2,HVC,40.0,39.9
151,Fri  04 Apr 2025 07:38:51 +0000,Giuliana Rizzo,hv 40,Run,Beam,04.04.2025 09:10:23,04.04.2025 09:38:48,1732,5.0,W8R6,unknown,,,1732.0,4.2,HVC,40.0,40.0
149,Fri  04 Apr 2025 06:18:18 +0000,Alice Gabrielli,hv 40,Run,Beam,04.04.2025 07:51:48,04.04.2025 08:18:15,1731,5.0,W8R6,unknown,,,1731.0,4.2,HVC,40.0,34.0
148,Fri  04 Apr 2025 05:12:37 +0000,Alice Gabrielli,hv 25,Run,Beam,04.04.2025 06:47:38,04.04.2025 07:12:34,1730,5.0,W8R6,good,,,1730.0,4.2,HVC,25.0,28.5
147,Fri  04 Apr 2025 04:10:35 +0000,Alice Gabrielli,hv 40,Run,Beam,04.04.2025 05:44:26,04.04.2025 06:10:31,1729,5.0,W8R6,good,,,1729.0,4.2,HVC,40.0,10.15
146,Fri  04 Apr 2025 03:26:31 +0000,Alice Gabrielli,hv 40,Run,Beam,04.04.2025 05:00:06,04.04.2025 05:26:28,1728,5.0,W8R6,good,,,1728.0,4.2,HVC,40.0,14.9
145,Fri  04 Apr 2025 02:43:54 +0000,Alice Gabrielli,hv 40,Run,Beam,04.04.2025 04:18:25,04.04.2025 04:43:51,1727,5.0,W8R6,good,,,1727.0,4.2,HVC,40.0,19.4
144,Fri  04 Apr 2025 02:00:20 +0000,Alice Gabrielli,hv 40,Run,Beam,04.04.2025 03:35:13,04.04.2025 04:00:18,1726,5.0,W8R6,good,,,1726.0,4.2,HVC,40.0,24.6
143,Fri  04 Apr 2025 01:31:48 +0000,Alice Gabrielli,hv 40,Run,Beam,04.04.2025 03:05:10,04.04.2025 03:31:45,1724,5.0,W8R6,bad,,,1724.0,4.2,HVC,40.0,24.6
142,Fri  04 Apr 2025 00:33:49 +0000,Alice Gabrielli,hv 25,Run,Beam,04.04.2025 02:07:43,04.04.2025 02:33:46,1723,5.0,W8R6,bad,,,1723.0,4.2,HVC,25.0,28.5
141,Thu  03 Apr 2025 23:31:52 +0000,Alice Gabrielli,hv 40,Run,Beam,04.04.2025 01:05:40,04.04.2025 01:31:50,1722,5.0,W8R6,good,,,1722.0,4.2,HVC,40.0,39.4
139,Thu  03 Apr 2025 22:31:57 +0000,Alice Gabrielli,hv 40,Run,Beam,04.04.2025 00:05:01,04.04.2025 00:31:55,1721,5.0,W8R6,good,,,1721.0,4.2,HVC,40.0,34.1
138,Thu  03 Apr 2025 21:34:29 +0000,Juraj Habala,hv 10,Run,Beam,03.04.2025 23:05:55,03.04.2025 23:34:27,1720,5.0,W8R6,good,,,1720.0,4.2,HVC,10.0,28.5
137,Thu  03 Apr 2025 20:56:38 +0000,Juraj Habala,hv 30 rerun,Run,Beam,03.04.2025 22:27:54,03.04.2025 22:56:34,1719,5.0,W8R6,good,,,1719.0,4.2,HVC,30.0,28.5
136,Thu  03 Apr 2025 20:22:42 +0000,Juraj Habala,hv 15,Run,Beam,03.04.2025 21:49:30,03.04.2025 22:22:40,1718,5.0,W8R6,good,,,1718.0,4.2,HVC,15.0,28.5
135,Thu  03 Apr 2025 19:44:02 +0000,Juraj Habala,hv 20,Run,Beam,03.04.2025 21:12:49,03.04.2025 21:43:58,1717,5.0,W8R6,good,,,1717.0,4.2,HVC,20.0,28.5
134,Thu  03 Apr 2025 19:07:11 +0000,Juraj Habala,hv 25,Run,Beam,03.04.2025 20:37:49,03.04.2025 21:07:08,1716,5.0,W8R6,bad,,,1716.0,4.2,HVC,25.0,28.5
133,Thu  03 Apr 2025 18:35:10 +0000,Juraj Habala,test elog producer,Run,Beam,03.04.2025 20:34:38,03.04.2025 20:35:09,1715,5.0,W8R6,bad,,,1715.0,4.2,HVC,40.0,28.6
132,Thu  03 Apr 2025 18:32:10 +0000,Juraj Habala,test elog producer,Run,Beam,03.04.2025 20:30:41,03.04.2025 20:31:08,1714,5.0,W8R6,bad,,,1714.0,4.2,HVC,40.0,28.6
131,Thu  03 Apr 2025 18:21:58 +0000,Juraj Habala,test elog producer,Run,Beam,03.04.2025 20:21:40,03.04.2025 20:21:56,1713,5.0,W8R6,bad,,,1713.0,4.2,HVC,40.0,28.6
130,Thu  03 Apr 2025 18:19:21 +0000,Juraj Habala,test elog producer,Run,Beam,03.04.2025 20:17:52,03.04.2025 20:19:19,,5.0,W8R6,bad,,,1712.0,4.2,HVC,40.0,28.6
129,Thu  03 Apr 2025 18:15:20 +0000,Juraj Habala,hv 40,Run,Beam,03.04.2025 19:47:24,03.04.2025 20:15:17,1711,5.0,W8R6,,,,1711.0,4.2,HVC,40.0,28.6
128,Thu  03 Apr 2025 17:41:50 +0000,Juraj Habala,hv 35,Run,Beam,03.04.2025 19:13:53,03.04.2025 19:41:46,1710,5.0,W8R6,,,,1710.0,4.2,HVC,35.0,28.6
127,Thu  03 Apr 2025 17:07:14 +0000,Juraj Habala,hv 30,Run,Beam,03.04.2025 18:08:20,03.04.2025 19:07:12,1709,5.0,W8R6,bad,,,1709.0,4.2,HVC,30.0,28.6
126,Thu  03 Apr 2025 16:05:01 +0000,Alice Gabrielli,hv 30,Run,Beam,03.04.2025 17:36:29,03.04.2025 18:04:58,1707,5.0,W8R6,,,,1707.0,4.2,HVC,30.0,29.0
123,Thu  03 Apr 2025 14:32:56 +0000,Christian Irmler,psub 20,Run,Beam,03.04.2025 16:17:56,03.04.2025 16:32:55,1704,5.0,W8R6,,,,1704.0,4.2,DCC,20.0,39.96
122,Thu  03 Apr 2025 13:13:20 +0000,Giuliana Rizzo,psub 12,Run,Scan,03.04.2025 14:53:05,03.04.2025 15:13:18,1703,5.0,W8R6,,,,1703.0,4.2,DCC,20.0,34.9
121,Thu  03 Apr 2025 12:46:32 +0000,Giuliana Rizzo,psub 14,Run,Scan,03.04.2025 14:30:24,03.04.2025 14:46:30,1702,5.0,W8R6,,,,1702.0,4.2,DCC,20.0,34.9
120,Thu  03 Apr 2025 11:52:42 +0000,Giuliana Rizzo,psub 14,Run,Scan,03.04.2025 13:45:47,03.04.2025 13:52:40,1700,5.0,W8R6,bad,,,1700.0,4.2,DCC,20.0,35.2
119,Thu  03 Apr 2025 11:18:50 +0000,Giuliana Rizzo,psub 20,Run,Scan,03.04.2025 12:59:22,03.04.2025 13:18:48,1699,5.0,W8R6,,,,1699.0,4.2,DCC,20.0,35.2
118,Thu  03 Apr 2025 10:08:41 +0000,Giuliana Rizzo,psub 20,Run,Scan,03.04.2025 11:53:10,03.04.2025 12:08:39,1698,5.0,W8R6,,,,1698.0,4.2,DCC,20.0,31.4
117,Thu  03 Apr 2025 09:52:23 +0000,Giuliana Rizzo,psub 20,Run,Scan,03.04.2025 11:46:52,03.04.2025 11:52:22,1697,5.0,W8R6,,,,1697.0,4.2,DCC,20.0,31.4
116,Thu  03 Apr 2025 08:48:16 +0000,Giuliana Rizzo,psub 20,Run,Scan,03.04.2025 10:32:42,03.04.2025 10:48:14,1696,5.0,W8R6,,,,1696.0,4.2,DCC,20.0,29.1
115,Thu  03 Apr 2025 08:16:56 +0000,Giuliana Rizzo,psub 20,Run,Scan,03.04.2025 10:02:11,03.04.2025 10:16:54,1695,5.0,W8R6,,,,1695.0,4.2,DCC,20.0,29.2
113,Thu  03 Apr 2025 06:50:21 +0000,Alice Gabrielli,psub 20,Run,Scan,03.04.2025 08:36:27,03.04.2025 08:50:20,1694,5.0,W8R6,,,,1694.0,4.2,DCC,20.0,29.2
112,Thu  03 Apr 2025 05:52:33 +0000,Alice Gabrielli,psub 20,Run,Scan,03.04.2025 07:36:43,03.04.2025 07:52:31,1693,5.0,W8R6,,,,1693.0,4.2,DCC,20.0,29.2
111,Thu  03 Apr 2025 04:47:22 +0000,Alice Gabrielli,psub 20,Run,Scan,03.04.2025 06:32:07,03.04.2025 06:47:21,1692,5.0,W8R6,,,,1692.0,4.2,DCC,20.0,29.2
110,Thu  03 Apr 2025 04:12:23 +0000,Alice Gabrielli,psub 18,Run,Scan,03.04.2025 05:57:15,03.04.2025 06:12:21,1691,5.0,W8R6,,,,1691.0,4.2,DCC,18.0,29.2
109,Thu  03 Apr 2025 03:37:43 +0000,Alice Gabrielli,psub 16,Run,Scan,03.04.2025 05:22:31,03.04.2025 05:37:41,1690,5.0,W8R6,,,,1690.0,4.2,DCC,16.0,29.2
108,Thu  03 Apr 2025 03:04:16 +0000,Alice Gabrielli,psub 14,Run,Scan,03.04.2025 04:48:50,03.04.2025 05:04:14,1689,5.0,W8R6,,,,1689.0,4.2,DCC,14.0,29.3
107,Thu  03 Apr 2025 02:29:29 +0000,Alice Gabrielli,psub 12,Run,Scan,03.04.2025 04:14:18,03.04.2025 04:29:28,1688,5.0,W8R6,,,,1688.0,4.2,DCC,12.0,29.3
106,Thu  03 Apr 2025 01:58:24 +0000,Alice Gabrielli,psub 10,Run,Scan,03.04.2025 03:43:15,03.04.2025 03:58:22,1687,5.0,W8R6,,,,1687.0,4.2,DCC,10.0,29.3
105,Thu  03 Apr 2025 01:26:35 +0000,Alice Gabrielli,psub 9,Run,Scan,03.04.2025 03:11:26,03.04.2025 03:26:33,1686,5.0,W8R6,,,,1686.0,4.2,DCC,9.0,29.3
104,Thu  03 Apr 2025 00:51:57 +0000,Alice Gabrielli,psub 8,Run,Scan,03.04.2025 02:36:44,03.04.2025 02:51:55,1685,5.0,W8R6,good,,,1685.0,4.2,DCC,8.0,29.3
103,Thu  03 Apr 2025 00:17:56 +0000,Alice Gabrielli,psub 7,Run,Scan,03.04.2025 02:02:37,03.04.2025 02:17:54,1684,5.0,W8R6,good,,,1684.0,4.2,DCC,7.0,29.3
102,Thu  03 Apr 2025 00:00:48 +0000,Alice Gabrielli,psub 7,Run,Scan,03.04.2025 02:00:08,03.04.2025 02:00:46,1683,5.0,W8R6,bad,,,1683.0,4.2,DCC,7.0,29.3
101,Wed  02 Apr 2025 23:39:14 +0000,Alice Gabrielli,psub 6,Run,Scan,03.04.2025 01:23:36,03.04.2025 01:39:12,1682,5.0,W8R6,good,,,1682.0,4.2,DCC,6.0,29.3
100,Wed  02 Apr 2025 22:48:05 +0000,Alice Gabrielli,psub 20,Run,Beam,03.04.2025 00:27:30,03.04.2025 00:48:03,1681,5.0,W8R6,good,,,1681.0,4.2,DCC,20.0,29.5
98,Wed  02 Apr 2025 22:23:32 +0000,Maximilian Babeluk,psub 20,Run,Beam,02.04.2025 23:58:18,03.04.2025 00:23:30,1680,5.0,W8R6,,,,1680.0,4.2,DCC,20.0,29.5
97,Wed  02 Apr 2025 21:57:05 +0000,Maximilian Babeluk,psub 20,Run,Beam,02.04.2025 23:55:04,02.04.2025 23:57:03,1679,5.0,W8R6,,,,1679.0,4.2,DCC,20.0,29.5
96,Wed  02 Apr 2025 21:47:11 +0000,Alice Gabrielli,psub 20,Run,Beam,02.04.2025 23:41:57,02.04.2025 23:47:10,1678,5.0,W8R6,,,,1678.0,4.2,DCC,20.0,29.5
94,Wed  02 Apr 2025 21:20:45 +0000,Giuliana Rizzo,psub 20,Run,Beam,02.04.2025 23:19:58,02.04.2025 23:20:44,1677,4.0,W8R6,,,,1677.0,4.2,DCC,20.0,29.5
93,Wed  02 Apr 2025 21:19:02 +0000,Giuliana Rizzo,psub 20,Run,Beam,02.04.2025 23:18:20,02.04.2025 23:19:01,1676,4.0,W8R6,,,,1676.0,4.2,DCC,20.0,29.5
92,Wed  02 Apr 2025 21:17:25 +0000,Giuliana Rizzo,psub 20,Run,Beam,02.04.2025 23:16:40,02.04.2025 23:17:24,1675,4.0,W8R6,,,,1675.0,4.2,DCC,20.0,29.5
91,Wed  02 Apr 2025 21:15:39 +0000,Giuliana Rizzo,psub 20,Run,Beam,02.04.2025 23:14:55,02.04.2025 23:15:38,1674,4.0,W8R6,,,,1674.0,4.2,DCC,20.0,29.5
90,Wed  02 Apr 2025 21:14:00 +0000,Giuliana Rizzo,psub 20,Run,Beam,02.04.2025 23:13:17,02.04.2025 23:13:58,1673,4.0,W8R6,,,,1673.0,4.2,DCC,20.0,29.5
89,Wed  02 Apr 2025 21:12:39 +0000,Giuliana Rizzo,psub 20,Run,Beam,02.04.2025 23:11:50,02.04.2025 23:12:38,1672,4.0,W8R6,,,,1672.0,4.2,DCC,20.0,29.5
88,Wed  02 Apr 2025 21:11:00 +0000,Giuliana Rizzo,psub 20,Run,Beam,02.04.2025 23:06:38,02.04.2025 23:10:59,1671,4.0,W8R6,,,,1671.0,4.2,DCC,20.0,29.5
69,Wed  02 Apr 2025 19:25:48 +0000,Giuliana Rizzo,psub 20,Run,Beam,02.04.2025 21:08:13,02.04.2025 21:25:46,1662,4.0,W8R6,,,,1662.0,4.2,DCC,20.0,29.5
66,Wed  02 Apr 2025 17:58:27 +0000,Giuliana Rizzo,psub 20,Run,Beam,02.04.2025 19:52:49,02.04.2025 19:58:26,1661,4.0,W8R6,,,,1661.0,4.2,DCC,20.0,24.2
65,Wed  02 Apr 2025 17:41:17 +0000,Alice Gabrielli,psub 20,Run,Beam,02.04.2025 19:08:12,02.04.2025 19:41:15,1660,3.0,W8R6,,,,1660.0,4.2,DCC,20.0,24.5
